id,game_week_id,player_id,correct_scores,points,created_at
00451e60-0c2b-4a2f-83e3-3968a25d92ee,3d3498a4-2cb9-46cc-a1c2-2cb731ca4d02,25472e3e-4928-440c-84a8-ed85a6e4cf34,0,1,2026-02-08 20:06:14.425546+00
006f7c5f-b47f-432f-b3aa-80e116c635b9,5e429b8e-0feb-41e8-a512-cd6ae112b657,298651b6-b5d4-4875-a636-799edae79a84,1,4,2026-03-23 01:11:21.652233+00
01a27a78-5a8e-4a07-a5cb-c4e025297918,39344544-7804-4c1d-a17b-a1aff7a7f869,4f4c26c5-21c6-4a45-b9ab-141ea2936063,0,7,2025-11-10 03:54:43.745207+00
01ce34c2-37ab-4c9b-ab23-ef007a18460c,3715512f-bc25-48aa-a319-f9b2ffc2fb15,c8b7ea0d-f644-44ff-b89b-a0e352ff3cec,0,5,2025-10-27 01:59:34.334362+00
01d06d77-3429-468c-b34a-1b490bdcbe8f,f71b04ba-1da6-4037-bec6-7cdcab0fa7f3,eb3628cb-9a74-4281-bc9f-ebff66ae268e,0,2,2026-05-05 01:29:16.763626+00
01eaef04-d9ee-44f9-8346-9ce83208e5d9,28c25bca-56fb-487b-b335-f02e00863c6b,eff7bddc-a865-47c4-95fb-fe4116d8c288,2,9,2025-08-26 00:30:53.12888+00
020d5cd1-eef3-431e-9e7b-636fa0e8680f,634bef0a-8a4f-4bb4-a7cc-79a5ec61e5cb,46a30c5e-11ff-4c44-aa31-29a606850f82,0,4,2025-12-23 02:13:34.5906+00
02fee488-f173-4435-9eea-28180fc17491,7f04d06c-ca42-403e-8bc7-194f0a0c631a,f9410110-ec63-4a83-ad54-2b5df48b9140,0,4,2025-12-01 00:26:08.076072+00
035cc534-05bf-4b92-b78e-da03862297e4,00c76044-16a0-4acf-a0a5-8de00e9cbc06,857f0ddb-bbf7-490f-89e7-c393913d1937,0,5,2025-12-16 01:50:33.561015+00
0370a69b-9949-4553-87d9-6eb50d15af47,3d3498a4-2cb9-46cc-a1c2-2cb731ca4d02,4f4c26c5-21c6-4a45-b9ab-141ea2936063,0,4,2026-02-08 20:06:14.425546+00
03888c54-d2e4-4ae0-a4d4-1e2821379c89,3fbb2bf0-cef3-48b2-9d04-ecba8bd4165b,6bf245f8-9743-4b7b-ab78-dc0cdd591c6c,0,3,2025-09-30 00:21:43.959007+00
041fd488-ac3f-4e77-919d-f161b8af4346,ef99d1e9-75a3-4c2a-9ab3-48604f86b4fa,e04c559e-ca37-400e-b70d-64cc03eb3361,1,9,2026-02-17 01:04:46.058986+00
04b41263-bef3-4e1a-b914-b0437a5da6a3,dbca26f6-24f8-4b2b-ae21-363e5a3a3801,46a30c5e-11ff-4c44-aa31-29a606850f82,0,3,2026-04-14 00:51:56.113606+00
05498906-d998-449c-bd86-f2e774c03fd6,dbca26f6-24f8-4b2b-ae21-363e5a3a3801,eb3628cb-9a74-4281-bc9f-ebff66ae268e,0,2,2026-04-14 00:51:56.113606+00
058078a0-1d99-4ff6-9925-5b5f3b90d391,3ea490f3-3471-4c91-b539-2dde6cbff1da,95f43b8d-de0d-4dd2-a9bb-0cdfe02e247a,3,12,2026-03-02 04:46:03.347595+00
05a7ab3c-5312-470f-9c62-e5c94be52d3e,3fbb2bf0-cef3-48b2-9d04-ecba8bd4165b,e04c559e-ca37-400e-b70d-64cc03eb3361,2,8,2025-09-30 00:21:43.959007+00
05b11a7a-e0b8-4ec7-8557-5a077e24553a,976d2b52-ae86-4db2-a398-bb57fbbaeb87,298651b6-b5d4-4875-a636-799edae79a84,0,0,2026-01-20 01:32:39.849929+00
066f0b67-5802-4f81-9b9f-c2412fc08953,13b78ddf-4433-4e30-b3b2-d3295f7086df,584d969b-f2c5-4e89-a226-9d5d47bebe23,0,6,2026-04-28 00:32:56.868999+00
067a3860-752e-480c-b00b-815b8cc39204,ef99d1e9-75a3-4c2a-9ab3-48604f86b4fa,9a205562-9e06-49d8-865b-a0dfb3de0b20,0,7,2026-02-17 01:04:46.058986+00
06a72283-803c-4ba3-87d2-a1845579db19,976d2b52-ae86-4db2-a398-bb57fbbaeb87,a98cac4a-9401-4a97-b8e6-93a7caee47e9,1,4,2026-01-20 01:32:39.849929+00
06b98e81-2bcb-40ae-89f2-ab957798d132,39344544-7804-4c1d-a17b-a1aff7a7f869,49f48e02-6af0-4107-8f27-29f67efc4c3a,1,9,2025-11-10 03:54:43.745207+00
06cda0be-dd16-43eb-b715-b358ef097294,dbca26f6-24f8-4b2b-ae21-363e5a3a3801,c4d0c372-0a8c-445d-9994-fe871e8eb544,0,5,2026-04-14 00:51:56.113606+00
0722e822-31de-496c-ada7-ffbc31276dd1,37bc4415-6386-4c1c-9a8b-453802fa72e1,c8b7ea0d-f644-44ff-b89b-a0e352ff3cec,1,8,2025-12-29 01:10:50.647344+00
07499513-b531-4c54-ba01-2797203fcf10,13b78ddf-4433-4e30-b3b2-d3295f7086df,f9aa08c8-da66-4064-a39a-3225dadaa1d0,0,6,2026-04-28 00:32:56.868999+00
0756692a-1bac-4ce6-a7ef-f2e21dd07e05,976d2b52-ae86-4db2-a398-bb57fbbaeb87,e2ffaf02-f17f-4be3-b3ee-651d39315af1,1,5,2026-01-20 01:32:39.849929+00
075ae5bf-88c3-4382-b228-d330ec7917e1,db3a5288-ba3c-4edf-96b7-6d7bc46e834c,857f0ddb-bbf7-490f-89e7-c393913d1937,0,2,2026-03-17 03:06:23.412534+00
07e0055e-f3ea-465c-89ca-7a484653357b,39344544-7804-4c1d-a17b-a1aff7a7f869,78c6e1c2-6f06-4cf7-8a82-54f62c0e9504,0,4,2025-11-10 03:54:43.745207+00
07ecdae9-0c30-4629-83dd-698634c554ea,435af285-efb9-47f0-a3b5-aa47b7b78b56,857f0ddb-bbf7-490f-89e7-c393913d1937,2,9,2025-11-25 02:24:54.186745+00
07f0df69-2b6f-4ad3-b6a5-6978b6f63ce6,b0768a69-dec7-4af7-b170-19230fdc82ab,3d18f1c8-de23-4c6d-b843-8241da5d994e,0,3,2026-01-27 00:50:39.268387+00
0838ded0-7a6d-4e2c-83e9-b811de762951,37bc4415-6386-4c1c-9a8b-453802fa72e1,abe5e91c-2516-47f8-98a7-2b1e70ab13b1,1,4,2025-12-29 01:10:50.647344+00
08903730-7ebc-4c93-b4dc-63e678a6845f,83060e08-aa40-4cdb-b07e-9690e6ec77c9,e2ffaf02-f17f-4be3-b3ee-651d39315af1,1,6,2026-04-20 23:41:11.10958+00
0894483c-895c-4493-b054-d044c2a72391,d6d48c4a-c6a6-4149-a03a-6a45d592346a,25472e3e-4928-440c-84a8-ed85a6e4cf34,1,5,2026-04-06 02:24:09.814086+00
08dc85fd-7c2b-4695-a9c4-1696f03f34fd,634bef0a-8a4f-4bb4-a7cc-79a5ec61e5cb,6bf245f8-9743-4b7b-ab78-dc0cdd591c6c,3,11,2025-12-23 02:13:34.5906+00
08fd371d-6a2b-4526-a2f7-ffd93fcbe0f8,d8d2e264-f062-4c84-bc77-cf67da4c3bf5,9a205562-9e06-49d8-865b-a0dfb3de0b20,0,3,2025-09-01 12:27:12.189666+00
090b7a62-ad2d-4284-99ce-8385b709ed78,e4227354-b5dd-4f39-8e72-213393a8c485,eff7bddc-a865-47c4-95fb-fe4116d8c288,2,14,2026-03-10 03:14:51.526527+00
09648290-5a5d-4e54-bb53-5e1fc5424c32,3ea490f3-3471-4c91-b539-2dde6cbff1da,e04c559e-ca37-400e-b70d-64cc03eb3361,0,5,2026-03-02 04:46:03.347595+00
0987009e-6e3a-4849-b4ca-c9519f1e899c,7577e1cd-1ba9-4266-acbc-d2d0027002a7,c8b7ea0d-f644-44ff-b89b-a0e352ff3cec,2,12,2026-02-03 01:52:01.382171+00
09c47b4b-9d94-464d-98b8-532dff82e7cf,7d6130ac-980a-4352-8ec0-29a06643525e,3d18f1c8-de23-4c6d-b843-8241da5d994e,0,3,2026-01-12 01:11:49.843879+00
09df48f0-365b-416b-9854-06ee30215e43,3ea490f3-3471-4c91-b539-2dde6cbff1da,9a205562-9e06-49d8-865b-a0dfb3de0b20,1,8,2026-03-02 04:46:03.347595+00
09fb74b2-3f40-4781-9caf-b50d65e3f3cc,e1083685-268d-4376-bbc8-14fe74194d46,182f8371-048a-4f6e-b95d-149f368c3c44,1,7,2025-08-18 23:21:21.195482+00
0a002077-1db5-43fa-9184-2aff889600df,12df5536-e3fd-44e8-a289-169153a0f1df,857f0ddb-bbf7-490f-89e7-c393913d1937,0,4,2026-02-23 22:30:35.650949+00
0a63460e-1526-4eb7-a80f-f65913f6d2db,39344544-7804-4c1d-a17b-a1aff7a7f869,eb3628cb-9a74-4281-bc9f-ebff66ae268e,1,9,2025-11-10 03:54:43.745207+00
0a685407-b5f8-4a1e-8a84-a48f698b173c,6321df99-8fc5-4465-a345-4e85e454e8cc,f9aa08c8-da66-4064-a39a-3225dadaa1d0,0,5,2025-09-22 12:27:57.199993+00
0a7e8031-d084-4b1c-95f9-53195de9a9c9,7d6130ac-980a-4352-8ec0-29a06643525e,78c6e1c2-6f06-4cf7-8a82-54f62c0e9504,1,6,2026-01-12 01:11:49.843879+00
0a8189ea-e350-4e28-b07c-d8c1bb83e22b,b8e9c830-4504-4e15-9aba-2cf1e3b2de9d,e2ffaf02-f17f-4be3-b3ee-651d39315af1,1,7,2026-01-05 01:20:32.782065+00
0a9a8e03-cb90-4c3e-9b59-3e4e8254eaa9,d77ab4fc-0b5e-46dc-8403-2c02eb802dd6,e04c559e-ca37-400e-b70d-64cc03eb3361,1,8,2025-10-05 23:57:44.019951+00
0b230c27-10a4-4683-95a5-da8678a0f7f1,dbca26f6-24f8-4b2b-ae21-363e5a3a3801,6a57188f-50ad-4d66-88e5-64236a293c32,2,9,2026-04-14 00:51:56.113606+00
0b24548f-8e93-4bac-8735-dc549a8b9dee,5e429b8e-0feb-41e8-a512-cd6ae112b657,8ed10184-c01b-4913-be71-bf7b48b8163a,0,1,2026-03-23 01:11:21.652233+00
0b265da5-3ef2-4422-b295-f7f27f801397,634bef0a-8a4f-4bb4-a7cc-79a5ec61e5cb,25472e3e-4928-440c-84a8-ed85a6e4cf34,1,5,2025-12-23 02:13:34.5906+00
0b383352-1b8c-4c61-bbfd-658b96ce3241,e1083685-268d-4376-bbc8-14fe74194d46,25472e3e-4928-440c-84a8-ed85a6e4cf34,0,7,2025-08-18 23:21:21.195482+00
0b4b4d0f-21f2-4f53-aeb9-f533c93922c4,b0768a69-dec7-4af7-b170-19230fdc82ab,71913bf1-3c89-4850-a771-b807bac56136,0,2,2026-01-27 00:50:39.268387+00
0b4b68d3-0534-4abc-945a-74592c21a3ad,28c25bca-56fb-487b-b335-f02e00863c6b,6e5a68ef-c26c-4776-8f8c-7f3c22bc3f06,0,5,2025-08-26 00:30:53.12888+00
0b9d9698-a50e-4824-8564-6066b8b09e9e,28da2862-f00a-44dd-8ab5-a48849d53245,ceb258ce-454a-4b5f-9321-73fd28390495,0,5,2025-11-04 02:39:26.20676+00
0bd459a8-9618-4ab5-b0f0-d334563e79e2,d7a991ce-94f4-44a6-9e3a-bda9babd7e11,e2ffaf02-f17f-4be3-b3ee-651d39315af1,0,6,2025-12-09 02:15:48.500643+00
0c22c881-3241-4e03-9363-68a8747968e6,3fbb2bf0-cef3-48b2-9d04-ecba8bd4165b,f3b179ce-265d-4bf0-8c6c-a641504ea802,0,2,2025-09-30 00:21:43.959007+00
0cc5401d-b05b-48fb-8a75-0749f607fb6b,db3a5288-ba3c-4edf-96b7-6d7bc46e834c,eff7bddc-a865-47c4-95fb-fe4116d8c288,0,4,2026-03-17 03:06:23.412534+00
0d015e24-515f-4e54-ab61-5741d5cf6cfb,d7a991ce-94f4-44a6-9e3a-bda9babd7e11,46a30c5e-11ff-4c44-aa31-29a606850f82,0,5,2025-12-09 02:15:48.500643+00
0d5ab950-dc4e-4d5b-b916-97b0a9221f51,5e429b8e-0feb-41e8-a512-cd6ae112b657,c4d0c372-0a8c-445d-9994-fe871e8eb544,0,3,2026-03-23 01:11:21.652233+00
0d6ca71d-75d9-4523-bd05-ee762c77cbe7,3fbb2bf0-cef3-48b2-9d04-ecba8bd4165b,7151cae2-f54e-4f88-9e6a-8ab7fe755160,0,3,2025-09-30 00:21:43.959007+00
0d79d143-ce6f-4f03-9866-c4e6cf21e178,3d3498a4-2cb9-46cc-a1c2-2cb731ca4d02,e04c559e-ca37-400e-b70d-64cc03eb3361,1,7,2026-02-08 20:06:14.425546+00
0da9703b-2cf8-4e98-a2a0-94262d7c64bd,b0768a69-dec7-4af7-b170-19230fdc82ab,abe5e91c-2516-47f8-98a7-2b1e70ab13b1,1,6,2026-01-27 00:50:39.268387+00
0ddd10a7-b517-428f-8db4-4fdfd2846a60,d6d48c4a-c6a6-4149-a03a-6a45d592346a,857f0ddb-bbf7-490f-89e7-c393913d1937,1,6,2026-04-06 02:24:09.814086+00
0e840984-69ac-42db-928b-bf111dfe8093,6321df99-8fc5-4465-a345-4e85e454e8cc,7151cae2-f54e-4f88-9e6a-8ab7fe755160,0,2,2025-09-22 12:27:57.199993+00
0e917a0c-2be2-4a2b-b418-37cbfc848753,ef99d1e9-75a3-4c2a-9ab3-48604f86b4fa,f9410110-ec63-4a83-ad54-2b5df48b9140,0,6,2026-02-17 01:04:46.058986+00
0f3c641d-e518-49eb-bc31-b3cea3592736,d7a991ce-94f4-44a6-9e3a-bda9babd7e11,25472e3e-4928-440c-84a8-ed85a6e4cf34,1,5,2025-12-09 02:15:48.500643+00
0f950c4e-6cca-4ab5-a2ec-43a0c9ef4a30,634bef0a-8a4f-4bb4-a7cc-79a5ec61e5cb,78c6e1c2-6f06-4cf7-8a82-54f62c0e9504,1,8,2025-12-23 02:13:34.5906+00
0f9ef75d-bed5-494e-8538-d8f9b041a2ad,b8e9c830-4504-4e15-9aba-2cf1e3b2de9d,f3b179ce-265d-4bf0-8c6c-a641504ea802,0,4,2026-01-05 01:20:32.782065+00
10d1736e-5ed8-4d32-b384-154983b15e73,3ea490f3-3471-4c91-b539-2dde6cbff1da,4f4c26c5-21c6-4a45-b9ab-141ea2936063,1,8,2026-03-02 04:46:03.347595+00
10fea878-93c8-4372-9c11-2adabdde276f,d7a991ce-94f4-44a6-9e3a-bda9babd7e11,857f0ddb-bbf7-490f-89e7-c393913d1937,0,5,2025-12-09 02:15:48.500643+00
1128971e-66a9-421f-a9db-ce7e288aa8cd,3d3498a4-2cb9-46cc-a1c2-2cb731ca4d02,abe5e91c-2516-47f8-98a7-2b1e70ab13b1,1,6,2026-02-08 20:06:14.425546+00
117c243b-b055-443d-9950-b147c611cdb9,28da2862-f00a-44dd-8ab5-a48849d53245,f3b179ce-265d-4bf0-8c6c-a641504ea802,2,9,2025-11-04 02:39:26.20676+00
11fb2de4-4a74-4955-9655-6fcaba5f1f49,12df5536-e3fd-44e8-a289-169153a0f1df,e2ffaf02-f17f-4be3-b3ee-651d39315af1,0,4,2026-02-23 22:30:35.650949+00
12381132-91bc-4e7e-b728-9a3a2a233360,dbca26f6-24f8-4b2b-ae21-363e5a3a3801,ceb258ce-454a-4b5f-9321-73fd28390495,0,5,2026-04-14 00:51:56.113606+00
1244a0a1-8569-4dfc-911a-1f1b301b6a8c,634bef0a-8a4f-4bb4-a7cc-79a5ec61e5cb,ceb258ce-454a-4b5f-9321-73fd28390495,1,6,2025-12-23 02:13:34.5906+00
12bc99a1-e64e-44c4-9f71-a21aeafba41b,28c25bca-56fb-487b-b335-f02e00863c6b,6bf245f8-9743-4b7b-ab78-dc0cdd591c6c,0,4,2025-08-26 00:30:53.12888+00
1307932b-09b5-4e74-b292-65aed03a7495,37bc4415-6386-4c1c-9a8b-453802fa72e1,6e5a68ef-c26c-4776-8f8c-7f3c22bc3f06,0,6,2025-12-29 01:10:50.647344+00
13370cdd-4cd4-4d66-bdea-f21040971e23,b0768a69-dec7-4af7-b170-19230fdc82ab,f9aa08c8-da66-4064-a39a-3225dadaa1d0,1,4,2026-01-27 00:50:39.268387+00
135360cd-463e-4804-9029-1c2937d64b29,634bef0a-8a4f-4bb4-a7cc-79a5ec61e5cb,e2ffaf02-f17f-4be3-b3ee-651d39315af1,2,11,2025-12-23 02:13:34.5906+00
1393c369-ed24-4136-b275-f98184588e70,6321df99-8fc5-4465-a345-4e85e454e8cc,66022633-1ced-4920-a431-b74b54e98345,1,6,2025-09-22 12:27:57.199993+00
13a38664-18da-4ce8-927c-bf94423ebd83,d6d48c4a-c6a6-4149-a03a-6a45d592346a,9a205562-9e06-49d8-865b-a0dfb3de0b20,0,5,2026-04-06 02:24:09.814086+00
14790448-123d-44f4-9715-71c65f839111,f71b04ba-1da6-4037-bec6-7cdcab0fa7f3,9a205562-9e06-49d8-865b-a0dfb3de0b20,1,6,2026-05-05 01:29:16.763626+00
14aa0c6e-34f7-4664-84f0-4e01feff5997,83060e08-aa40-4cdb-b07e-9690e6ec77c9,584d969b-f2c5-4e89-a226-9d5d47bebe23,1,6,2026-04-20 23:41:11.10958+00
14b0cf17-7d2a-45a7-beeb-604aec3be3ff,83060e08-aa40-4cdb-b07e-9690e6ec77c9,a98cac4a-9401-4a97-b8e6-93a7caee47e9,1,9,2026-04-20 23:41:11.10958+00
14ca7592-e96e-4743-901b-04aa150c102c,83060e08-aa40-4cdb-b07e-9690e6ec77c9,6e5a68ef-c26c-4776-8f8c-7f3c22bc3f06,1,7,2026-04-20 23:41:11.10958+00
14f3257b-952a-44f9-8730-7aa321a1bf2c,5e429b8e-0feb-41e8-a512-cd6ae112b657,f9410110-ec63-4a83-ad54-2b5df48b9140,0,2,2026-03-23 01:11:21.652233+00
150050be-5eef-4848-90f4-ce402385072b,7f04d06c-ca42-403e-8bc7-194f0a0c631a,182f8371-048a-4f6e-b95d-149f368c3c44,0,4,2025-12-01 00:26:08.076072+00
152aa433-7964-455d-9c17-d99d989e7d5b,634bef0a-8a4f-4bb4-a7cc-79a5ec61e5cb,298651b6-b5d4-4875-a636-799edae79a84,1,5,2025-12-23 02:13:34.5906+00
1593f1d9-db11-44c1-850f-c29bf0735b7f,6321df99-8fc5-4465-a345-4e85e454e8cc,c2011527-da58-4568-97f9-ec5c223ead8e,2,8,2025-09-22 12:27:57.199993+00
15dc8dfe-6ad5-4be3-9d5d-6637b6d1ac68,e4227354-b5dd-4f39-8e72-213393a8c485,c8b7ea0d-f644-44ff-b89b-a0e352ff3cec,1,7,2026-03-10 03:14:51.526527+00
1613dada-df71-44ec-9245-38a5f0a43c83,d77ab4fc-0b5e-46dc-8403-2c02eb802dd6,c2011527-da58-4568-97f9-ec5c223ead8e,2,9,2025-10-05 23:57:44.019951+00
167263cc-77a7-46c5-a689-ba7521666d20,6321df99-8fc5-4465-a345-4e85e454e8cc,f9410110-ec63-4a83-ad54-2b5df48b9140,3,13,2025-09-22 12:27:57.199993+00
167ec363-f437-468f-a4b0-57ee0dc1d966,db3a5288-ba3c-4edf-96b7-6d7bc46e834c,c2011527-da58-4568-97f9-ec5c223ead8e,1,5,2026-03-17 03:06:23.412534+00
168e47ab-9c52-4963-bd6b-ff40d85d2db0,634bef0a-8a4f-4bb4-a7cc-79a5ec61e5cb,49f48e02-6af0-4107-8f27-29f67efc4c3a,2,12,2025-12-23 02:13:34.5906+00
1699e9b3-27cd-428a-8824-735a316efaf8,13b78ddf-4433-4e30-b3b2-d3295f7086df,95f43b8d-de0d-4dd2-a9bb-0cdfe02e247a,0,6,2026-04-28 00:32:56.868999+00
169a7ce9-6e1b-4eed-859a-c0c31c2ff18a,f71b04ba-1da6-4037-bec6-7cdcab0fa7f3,f9aa08c8-da66-4064-a39a-3225dadaa1d0,0,6,2026-05-05 01:29:16.763626+00
16af6f94-c487-489e-baa8-c8b6e726b219,d8d2e264-f062-4c84-bc77-cf67da4c3bf5,49f48e02-6af0-4107-8f27-29f67efc4c3a,0,4,2025-09-01 12:27:12.189666+00
16e47b61-7705-413a-b983-77f8083d48f0,7d6130ac-980a-4352-8ec0-29a06643525e,eb3628cb-9a74-4281-bc9f-ebff66ae268e,0,4,2026-01-12 01:11:49.843879+00
16e915ba-d70c-4498-b41f-ad902432f537,db3a5288-ba3c-4edf-96b7-6d7bc46e834c,78c6e1c2-6f06-4cf7-8a82-54f62c0e9504,3,12,2026-03-17 03:06:23.412534+00
16ec30c0-e24b-4d7a-80f2-e51cd740a963,3715512f-bc25-48aa-a319-f9b2ffc2fb15,eb3628cb-9a74-4281-bc9f-ebff66ae268e,2,8,2025-10-27 01:59:34.334362+00
1706ff5a-1794-49c7-a61c-3476cd9350a2,976d2b52-ae86-4db2-a398-bb57fbbaeb87,6bf245f8-9743-4b7b-ab78-dc0cdd591c6c,1,5,2026-01-20 01:32:39.849929+00
17078df7-f75d-4d2e-82d5-b2c5432096a3,ef99d1e9-75a3-4c2a-9ab3-48604f86b4fa,f3b179ce-265d-4bf0-8c6c-a641504ea802,1,9,2026-02-17 01:04:46.058986+00
1771245d-0acc-4a5a-948b-0295dfc6863c,e4227354-b5dd-4f39-8e72-213393a8c485,6a57188f-50ad-4d66-88e5-64236a293c32,3,15,2026-03-10 03:14:51.526527+00
17b9b655-209f-4f6e-9c2d-de9154cabf39,d7a991ce-94f4-44a6-9e3a-bda9babd7e11,c8b7ea0d-f644-44ff-b89b-a0e352ff3cec,1,9,2025-12-09 02:15:48.500643+00
17e0a507-6233-43ab-9c16-cea42b9992ca,39344544-7804-4c1d-a17b-a1aff7a7f869,66022633-1ced-4920-a431-b74b54e98345,1,5,2025-11-10 03:54:43.745207+00
18025ab3-7c87-4865-bbe1-5900dea3fa5e,28da2862-f00a-44dd-8ab5-a48849d53245,7151cae2-f54e-4f88-9e6a-8ab7fe755160,1,7,2025-11-04 02:39:26.20676+00
184bbd04-4a00-48f7-9e1d-701391e43007,db3a5288-ba3c-4edf-96b7-6d7bc46e834c,9a205562-9e06-49d8-865b-a0dfb3de0b20,1,5,2026-03-17 03:06:23.412534+00
194c8806-a0a0-4b38-a656-b045f6a91d1c,634bef0a-8a4f-4bb4-a7cc-79a5ec61e5cb,f9aa08c8-da66-4064-a39a-3225dadaa1d0,0,5,2025-12-23 02:13:34.5906+00
195ec1a9-e74a-4dca-a5ba-7f9e2c2a121e,634bef0a-8a4f-4bb4-a7cc-79a5ec61e5cb,4f4c26c5-21c6-4a45-b9ab-141ea2936063,2,9,2025-12-23 02:13:34.5906+00
196b84ec-448e-40bf-950d-e589a01cdf72,3fbb2bf0-cef3-48b2-9d04-ecba8bd4165b,857f0ddb-bbf7-490f-89e7-c393913d1937,1,8,2025-09-30 00:21:43.959007+00
19a6d1a2-35a5-477f-9019-06c60552447c,3d3498a4-2cb9-46cc-a1c2-2cb731ca4d02,6e5a68ef-c26c-4776-8f8c-7f3c22bc3f06,1,8,2026-02-08 20:06:14.425546+00
19aec8ae-4dbb-47de-81ee-c6d6abe437e5,284571ab-f355-476f-841c-8d84cf3fc188,4f4c26c5-21c6-4a45-b9ab-141ea2936063,0,7,2025-09-15 00:20:33.877931+00
1a1a15d2-3e1a-4450-ba19-c62f4c6d336e,3d3498a4-2cb9-46cc-a1c2-2cb731ca4d02,584d969b-f2c5-4e89-a226-9d5d47bebe23,0,5,2026-02-08 20:06:14.425546+00
1aad2043-ef3b-46a0-9fd2-a8d0e3fd3629,28da2862-f00a-44dd-8ab5-a48849d53245,4f4c26c5-21c6-4a45-b9ab-141ea2936063,1,8,2025-11-04 02:39:26.20676+00
1ab55c11-6441-4cf8-a013-5d21cd369842,d8d2e264-f062-4c84-bc77-cf67da4c3bf5,abe5e91c-2516-47f8-98a7-2b1e70ab13b1,1,3,2025-09-01 12:27:12.189666+00
1abb2a99-3b8c-45a5-b699-b7f3e42868d2,7be0759a-59c6-4da1-be13-e876a9051907,78c6e1c2-6f06-4cf7-8a82-54f62c0e9504,0,4,2025-10-21 00:14:04.11767+00
1b2d5a30-f177-4ed7-978c-73def9167003,7577e1cd-1ba9-4266-acbc-d2d0027002a7,c2011527-da58-4568-97f9-ec5c223ead8e,1,9,2026-02-03 01:52:01.382171+00
1b784c02-3d12-43d9-8437-272baa6bd45d,d7a991ce-94f4-44a6-9e3a-bda9babd7e11,e04c559e-ca37-400e-b70d-64cc03eb3361,0,6,2025-12-09 02:15:48.500643+00
1b8ef97e-5737-442e-bd86-5ef6c8611ba6,5e429b8e-0feb-41e8-a512-cd6ae112b657,6e5a68ef-c26c-4776-8f8c-7f3c22bc3f06,0,2,2026-03-23 01:11:21.652233+00
1bf6990a-5ae0-4223-ae6e-b78eff04ec5c,7f04d06c-ca42-403e-8bc7-194f0a0c631a,abe5e91c-2516-47f8-98a7-2b1e70ab13b1,0,5,2025-12-01 00:26:08.076072+00
1c1fd19c-b5fd-457c-b442-20187b631fb1,db3a5288-ba3c-4edf-96b7-6d7bc46e834c,a98cac4a-9401-4a97-b8e6-93a7caee47e9,1,6,2026-03-17 03:06:23.412534+00
1c202446-33f7-4379-af60-d145c92203ac,39344544-7804-4c1d-a17b-a1aff7a7f869,abe5e91c-2516-47f8-98a7-2b1e70ab13b1,0,3,2025-11-10 03:54:43.745207+00
1c2dd767-2638-43a3-9cf5-92e7055087eb,7577e1cd-1ba9-4266-acbc-d2d0027002a7,6a57188f-50ad-4d66-88e5-64236a293c32,2,13,2026-02-03 01:52:01.382171+00
1c578c3a-a8e9-4549-be5f-b21fb6383c42,37bc4415-6386-4c1c-9a8b-453802fa72e1,9a205562-9e06-49d8-865b-a0dfb3de0b20,1,6,2025-12-29 01:10:50.647344+00
1c9365c3-6561-4c24-b27e-97bea7a903e2,f71b04ba-1da6-4037-bec6-7cdcab0fa7f3,c8b7ea0d-f644-44ff-b89b-a0e352ff3cec,1,7,2026-05-05 01:29:16.763626+00
1c942249-1c74-4f0d-9cd3-2b7818a0eb46,39344544-7804-4c1d-a17b-a1aff7a7f869,e04c559e-ca37-400e-b70d-64cc03eb3361,2,10,2025-11-10 03:54:43.745207+00
1cbe5cd6-f8be-48a0-8434-c34974587ac9,e1083685-268d-4376-bbc8-14fe74194d46,6bf245f8-9743-4b7b-ab78-dc0cdd591c6c,0,4,2025-08-18 23:21:21.195482+00
1cf265f4-7c48-41a2-a547-2e4023528217,634bef0a-8a4f-4bb4-a7cc-79a5ec61e5cb,a98cac4a-9401-4a97-b8e6-93a7caee47e9,1,8,2025-12-23 02:13:34.5906+00
1dac55f4-c174-4e07-b4de-f8fcbd966b54,39344544-7804-4c1d-a17b-a1aff7a7f869,f9410110-ec63-4a83-ad54-2b5df48b9140,0,4,2025-11-10 03:54:43.745207+00
1e0e846d-5d10-4458-baaf-91edbc5f6f10,d6d48c4a-c6a6-4149-a03a-6a45d592346a,eff7bddc-a865-47c4-95fb-fe4116d8c288,2,9,2026-04-06 02:24:09.814086+00
1e2acf42-9a40-418e-9fde-d3f7afd4fde6,7d6130ac-980a-4352-8ec0-29a06643525e,a98cac4a-9401-4a97-b8e6-93a7caee47e9,2,9,2026-01-12 01:11:49.843879+00
1e345180-9f60-4dbd-a66c-db2093c94fe9,13b78ddf-4433-4e30-b3b2-d3295f7086df,b782ca87-97a5-4e94-96b3-fda9d7a93d5d,1,10,2026-04-28 00:32:56.868999+00
1e5105b7-fe64-452e-97b0-1e7f816f7978,d7a991ce-94f4-44a6-9e3a-bda9babd7e11,584d969b-f2c5-4e89-a226-9d5d47bebe23,0,5,2025-12-09 02:15:48.500643+00
1e9f4466-419a-466b-905d-d6ce306edea5,d6d48c4a-c6a6-4149-a03a-6a45d592346a,c8b7ea0d-f644-44ff-b89b-a0e352ff3cec,0,4,2026-04-06 02:24:09.814086+00
1eaf182c-315f-4e4f-96e4-ba1d4e7d2e8e,dbca26f6-24f8-4b2b-ae21-363e5a3a3801,a98cac4a-9401-4a97-b8e6-93a7caee47e9,1,6,2026-04-14 00:51:56.113606+00
1f1a5254-e33b-4956-bce8-1981c2957acf,d77ab4fc-0b5e-46dc-8403-2c02eb802dd6,abe5e91c-2516-47f8-98a7-2b1e70ab13b1,3,13,2025-10-05 23:57:44.019951+00
1f5270e3-f097-4006-b96c-bae1b01a0768,435af285-efb9-47f0-a3b5-aa47b7b78b56,e28417e9-f154-4f39-bf0d-86cb6a1abc32,2,11,2025-11-25 02:24:54.186745+00
1f7a2386-1d04-4a1e-8759-63576c1496f9,13b78ddf-4433-4e30-b3b2-d3295f7086df,f3b179ce-265d-4bf0-8c6c-a641504ea802,1,8,2026-04-28 00:32:56.868999+00
2049e17d-5225-466e-88fe-15e4b6efca89,7577e1cd-1ba9-4266-acbc-d2d0027002a7,8ed10184-c01b-4913-be71-bf7b48b8163a,1,7,2026-02-03 01:52:01.382171+00
2053ee1e-e695-44ec-8075-9b479498e0c7,3d3498a4-2cb9-46cc-a1c2-2cb731ca4d02,f9410110-ec63-4a83-ad54-2b5df48b9140,0,3,2026-02-08 20:06:14.425546+00
20aeb0f1-706a-40f5-8319-4f33c8210c9f,7d6130ac-980a-4352-8ec0-29a06643525e,857f0ddb-bbf7-490f-89e7-c393913d1937,3,12,2026-01-12 01:11:49.843879+00
20bf1792-2148-43ab-b441-dac4ded8ec9a,976d2b52-ae86-4db2-a398-bb57fbbaeb87,95f43b8d-de0d-4dd2-a9bb-0cdfe02e247a,0,2,2026-01-20 01:32:39.849929+00
20c822bd-3715-4e1e-89d2-04d7ce65dac0,3d3498a4-2cb9-46cc-a1c2-2cb731ca4d02,c4d0c372-0a8c-445d-9994-fe871e8eb544,2,10,2026-02-08 20:06:14.425546+00
20d272d5-29fa-4a86-9e8f-f69064e80743,7f04d06c-ca42-403e-8bc7-194f0a0c631a,c2011527-da58-4568-97f9-ec5c223ead8e,0,6,2025-12-01 00:26:08.076072+00
210d15e0-6ba4-47f1-849f-d9d832a4b4d1,7577e1cd-1ba9-4266-acbc-d2d0027002a7,e04c559e-ca37-400e-b70d-64cc03eb3361,0,3,2026-02-03 01:52:01.382171+00
216eb702-3ad1-4167-9ce3-42d3b5aeb332,00c76044-16a0-4acf-a0a5-8de00e9cbc06,f3b179ce-265d-4bf0-8c6c-a641504ea802,1,7,2025-12-16 01:50:33.561015+00
217e459d-27f5-457d-b3f0-46ef32552dbf,3d3498a4-2cb9-46cc-a1c2-2cb731ca4d02,ceb258ce-454a-4b5f-9321-73fd28390495,0,5,2026-02-08 20:06:14.425546+00
21f752f1-1513-4f20-8de3-6b6f9cc9a58e,6321df99-8fc5-4465-a345-4e85e454e8cc,857f0ddb-bbf7-490f-89e7-c393913d1937,0,3,2025-09-22 12:27:57.199993+00
223b6f42-4156-4129-9301-24cd76d71b75,37bc4415-6386-4c1c-9a8b-453802fa72e1,46a30c5e-11ff-4c44-aa31-29a606850f82,0,3,2025-12-29 01:10:50.647344+00
224493f6-d0ef-4ee4-a14c-5129bb3b7ff8,12df5536-e3fd-44e8-a289-169153a0f1df,7151cae2-f54e-4f88-9e6a-8ab7fe755160,0,1,2026-02-23 22:30:35.650949+00
2272156f-27ed-43af-8cd9-85455243d8c7,dbca26f6-24f8-4b2b-ae21-363e5a3a3801,9a205562-9e06-49d8-865b-a0dfb3de0b20,1,6,2026-04-14 00:51:56.113606+00
2284de0f-756b-41a7-afa9-155fabb9c90c,6321df99-8fc5-4465-a345-4e85e454e8cc,6bf245f8-9743-4b7b-ab78-dc0cdd591c6c,4,16,2025-09-22 12:27:57.199993+00
23213eae-be7e-4904-8ccd-501cdb2d49f7,284571ab-f355-476f-841c-8d84cf3fc188,6a57188f-50ad-4d66-88e5-64236a293c32,0,5,2025-09-15 00:20:33.877931+00
237b14fb-bf96-4618-9c74-70f6932c3023,83060e08-aa40-4cdb-b07e-9690e6ec77c9,95f43b8d-de0d-4dd2-a9bb-0cdfe02e247a,1,6,2026-04-20 23:41:11.10958+00
237d9e00-e275-4947-9166-ca6254839eb0,3ea490f3-3471-4c91-b539-2dde6cbff1da,49f48e02-6af0-4107-8f27-29f67efc4c3a,4,17,2026-03-02 04:46:03.347595+00
2396e571-1b59-4bb1-80a8-a8900d59818a,dbca26f6-24f8-4b2b-ae21-363e5a3a3801,584d969b-f2c5-4e89-a226-9d5d47bebe23,0,5,2026-04-14 00:51:56.113606+00
23a17632-4566-4d82-aef1-4f2599c9a5c2,6321df99-8fc5-4465-a345-4e85e454e8cc,c4d0c372-0a8c-445d-9994-fe871e8eb544,2,7,2025-09-22 12:27:57.199993+00
23c49620-6577-4f4a-b4b8-44ee6ee52b37,37bc4415-6386-4c1c-9a8b-453802fa72e1,182f8371-048a-4f6e-b95d-149f368c3c44,1,8,2025-12-29 01:10:50.647344+00
240679c5-4606-4669-bfe8-e7481d32c2b1,83060e08-aa40-4cdb-b07e-9690e6ec77c9,46a30c5e-11ff-4c44-aa31-29a606850f82,1,8,2026-04-20 23:41:11.10958+00
242e35ff-6c4e-4f36-a12d-9216dda467c1,ef99d1e9-75a3-4c2a-9ab3-48604f86b4fa,6bf245f8-9743-4b7b-ab78-dc0cdd591c6c,1,9,2026-02-17 01:04:46.058986+00
2481af98-b63a-4bb2-bd87-76aa5bed0862,3fbb2bf0-cef3-48b2-9d04-ecba8bd4165b,71913bf1-3c89-4850-a771-b807bac56136,0,3,2025-09-30 00:21:43.959007+00
248a1838-0459-42f5-a7d4-fbe052ad1f55,28c25bca-56fb-487b-b335-f02e00863c6b,182f8371-048a-4f6e-b95d-149f368c3c44,0,4,2025-08-26 00:30:53.12888+00
2492e3b9-383f-46c2-a03b-5e0cf957aa90,db3a5288-ba3c-4edf-96b7-6d7bc46e834c,584d969b-f2c5-4e89-a226-9d5d47bebe23,0,2,2026-03-17 03:06:23.412534+00
24aeff12-251b-4fbc-a82c-d805e821b5b2,976d2b52-ae86-4db2-a398-bb57fbbaeb87,6a57188f-50ad-4d66-88e5-64236a293c32,0,3,2026-01-20 01:32:39.849929+00
24c39d7c-0194-4d3b-a33c-7c997f7b86a7,39344544-7804-4c1d-a17b-a1aff7a7f869,6bf245f8-9743-4b7b-ab78-dc0cdd591c6c,0,6,2025-11-10 03:54:43.745207+00
2594a916-42f4-49d3-9aa6-bf274430f8e3,f71b04ba-1da6-4037-bec6-7cdcab0fa7f3,298651b6-b5d4-4875-a636-799edae79a84,0,5,2026-05-05 01:29:16.763626+00
259e920f-122f-4f0d-80eb-197da4707f5a,db3a5288-ba3c-4edf-96b7-6d7bc46e834c,b782ca87-97a5-4e94-96b3-fda9d7a93d5d,0,3,2026-03-17 03:06:23.412534+00
25ad69d8-6807-4ccc-9495-c5dc34a87d67,00c76044-16a0-4acf-a0a5-8de00e9cbc06,f9410110-ec63-4a83-ad54-2b5df48b9140,0,5,2025-12-16 01:50:33.561015+00
25d9f40f-45ad-4d31-9bb3-a1a09cee8407,db3a5288-ba3c-4edf-96b7-6d7bc46e834c,f3b179ce-265d-4bf0-8c6c-a641504ea802,0,2,2026-03-17 03:06:23.412534+00
26409cdf-8d45-49ac-aeef-33c62de0704b,37bc4415-6386-4c1c-9a8b-453802fa72e1,f9aa08c8-da66-4064-a39a-3225dadaa1d0,0,4,2025-12-29 01:10:50.647344+00
268447a4-afbc-4f01-9def-ff1530ec05b4,634bef0a-8a4f-4bb4-a7cc-79a5ec61e5cb,eb3628cb-9a74-4281-bc9f-ebff66ae268e,2,9,2025-12-23 02:13:34.5906+00
26d6ebce-c56d-4f5d-bdba-f4938ade8c18,b8e9c830-4504-4e15-9aba-2cf1e3b2de9d,46a30c5e-11ff-4c44-aa31-29a606850f82,1,6,2026-01-05 01:20:32.782065+00
26fb2190-2f87-4b5d-81d7-e4437e5b032c,28da2862-f00a-44dd-8ab5-a48849d53245,95f43b8d-de0d-4dd2-a9bb-0cdfe02e247a,0,6,2025-11-04 02:39:26.20676+00
273c9e1b-78e7-4a7e-a32a-112e6cb09c67,d8d2e264-f062-4c84-bc77-cf67da4c3bf5,e2ffaf02-f17f-4be3-b3ee-651d39315af1,0,3,2025-09-01 12:27:12.189666+00
27b17f6b-97a1-48bc-86f5-549f012bd937,d7a991ce-94f4-44a6-9e3a-bda9babd7e11,b782ca87-97a5-4e94-96b3-fda9d7a93d5d,1,7,2025-12-09 02:15:48.500643+00
282c863d-073d-4802-833d-9bae27e49d1f,ef99d1e9-75a3-4c2a-9ab3-48604f86b4fa,95f43b8d-de0d-4dd2-a9bb-0cdfe02e247a,0,8,2026-02-17 01:04:46.058986+00
284fbc1c-0cc1-4e81-9da5-e2afd0827071,3ea490f3-3471-4c91-b539-2dde6cbff1da,f3b179ce-265d-4bf0-8c6c-a641504ea802,0,5,2026-03-02 04:46:03.347595+00
28bcb476-7f39-44f7-845a-4945a4c24b82,435af285-efb9-47f0-a3b5-aa47b7b78b56,f9410110-ec63-4a83-ad54-2b5df48b9140,1,6,2025-11-25 02:24:54.186745+00
28c4538c-cf94-4ec1-9146-f619fdea67e4,ef99d1e9-75a3-4c2a-9ab3-48604f86b4fa,7151cae2-f54e-4f88-9e6a-8ab7fe755160,1,9,2026-02-17 01:04:46.058986+00
28f41601-11e6-497b-8848-e772544a1b2b,d8d2e264-f062-4c84-bc77-cf67da4c3bf5,c2011527-da58-4568-97f9-ec5c223ead8e,0,2,2025-09-01 12:27:12.189666+00
293da9f9-a5d9-42ec-9245-8ffdb9ce3929,13b78ddf-4433-4e30-b3b2-d3295f7086df,a98cac4a-9401-4a97-b8e6-93a7caee47e9,0,6,2026-04-28 00:32:56.868999+00
2948b421-4d55-4b1c-b14f-05676f0db1de,db3a5288-ba3c-4edf-96b7-6d7bc46e834c,e04c559e-ca37-400e-b70d-64cc03eb3361,0,4,2026-03-17 03:06:23.412534+00
2957bd80-5a86-4874-a716-052acce5291b,435af285-efb9-47f0-a3b5-aa47b7b78b56,eff7bddc-a865-47c4-95fb-fe4116d8c288,1,4,2025-11-25 02:24:54.186745+00
296d0836-474f-4ece-8e79-7076dbbed6ed,3d3498a4-2cb9-46cc-a1c2-2cb731ca4d02,182f8371-048a-4f6e-b95d-149f368c3c44,0,1,2026-02-08 20:06:14.425546+00
29749989-83e9-4f3b-9988-ffef5de2197d,976d2b52-ae86-4db2-a398-bb57fbbaeb87,9a205562-9e06-49d8-865b-a0dfb3de0b20,0,1,2026-01-20 01:32:39.849929+00
29b2813e-6f4f-401c-b4f6-fc59bc64e68f,6321df99-8fc5-4465-a345-4e85e454e8cc,584d969b-f2c5-4e89-a226-9d5d47bebe23,1,5,2025-09-22 12:27:57.199993+00
29bae404-8dcf-4a7c-ba15-54b22064a8b1,39344544-7804-4c1d-a17b-a1aff7a7f869,182f8371-048a-4f6e-b95d-149f368c3c44,1,8,2025-11-10 03:54:43.745207+00
29e2ba81-76be-46ee-b60e-749461b78547,976d2b52-ae86-4db2-a398-bb57fbbaeb87,182f8371-048a-4f6e-b95d-149f368c3c44,0,0,2026-01-20 01:32:39.849929+00
29f00253-8ebf-4343-9828-a18559320127,3d3498a4-2cb9-46cc-a1c2-2cb731ca4d02,7151cae2-f54e-4f88-9e6a-8ab7fe755160,2,8,2026-02-08 20:06:14.425546+00
29fb41a2-1054-4a29-b614-a4c2efc17eb9,b8e9c830-4504-4e15-9aba-2cf1e3b2de9d,f9410110-ec63-4a83-ad54-2b5df48b9140,1,6,2026-01-05 01:20:32.782065+00
2a167dfe-b92d-4e6e-ae0d-c6f59b1a90cc,6321df99-8fc5-4465-a345-4e85e454e8cc,ceb258ce-454a-4b5f-9321-73fd28390495,3,9,2025-09-22 12:27:57.199993+00
2a28002d-1850-483f-8f4a-48b5bc484e02,28c25bca-56fb-487b-b335-f02e00863c6b,6a57188f-50ad-4d66-88e5-64236a293c32,1,7,2025-08-26 00:30:53.12888+00
2a2ef3db-86e8-47b4-8407-ae96d12825d7,7be0759a-59c6-4da1-be13-e876a9051907,25472e3e-4928-440c-84a8-ed85a6e4cf34,0,4,2025-10-21 00:14:04.11767+00
2a8f1ede-d4d2-4ff5-8056-b3cb9fb8a6be,00c76044-16a0-4acf-a0a5-8de00e9cbc06,49f48e02-6af0-4107-8f27-29f67efc4c3a,0,5,2025-12-16 01:50:33.561015+00
2a92772b-973b-4db1-883e-5a3ff9223767,7be0759a-59c6-4da1-be13-e876a9051907,6a57188f-50ad-4d66-88e5-64236a293c32,0,3,2025-10-21 00:14:04.11767+00
2aa49f51-bdbd-4565-a62c-1620a43e08e3,b8e9c830-4504-4e15-9aba-2cf1e3b2de9d,298651b6-b5d4-4875-a636-799edae79a84,2,10,2026-01-05 01:20:32.782065+00
2ae62c8b-0931-4a50-afc9-b3359d057c26,3fbb2bf0-cef3-48b2-9d04-ecba8bd4165b,c8b7ea0d-f644-44ff-b89b-a0e352ff3cec,0,2,2025-09-30 00:21:43.959007+00
2b1048c9-8498-4b01-bbce-be35969cbd96,ef99d1e9-75a3-4c2a-9ab3-48604f86b4fa,eff7bddc-a865-47c4-95fb-fe4116d8c288,1,8,2026-02-17 01:04:46.058986+00
2b2d8267-7fd5-4ef9-9b60-444a8fc6d7fb,3ea490f3-3471-4c91-b539-2dde6cbff1da,6e5a68ef-c26c-4776-8f8c-7f3c22bc3f06,3,12,2026-03-02 04:46:03.347595+00
2b72753b-c22a-4dd8-815c-cdd33765de1c,f71b04ba-1da6-4037-bec6-7cdcab0fa7f3,eff7bddc-a865-47c4-95fb-fe4116d8c288,1,5,2026-05-05 01:29:16.763626+00
2ba08168-1913-4107-851a-9d02a112baf2,7577e1cd-1ba9-4266-acbc-d2d0027002a7,f9aa08c8-da66-4064-a39a-3225dadaa1d0,1,9,2026-02-03 01:52:01.382171+00
2ba88fe2-a0b2-4258-8008-dfc2143d7d60,3fbb2bf0-cef3-48b2-9d04-ecba8bd4165b,584d969b-f2c5-4e89-a226-9d5d47bebe23,0,3,2025-09-30 00:21:43.959007+00
2c24a8a4-8f46-4fb9-8091-9758fac25f0c,d77ab4fc-0b5e-46dc-8403-2c02eb802dd6,6a57188f-50ad-4d66-88e5-64236a293c32,1,9,2025-10-05 23:57:44.019951+00
2c2a9220-1e21-4ca5-a415-8fe25f0c1f12,3ea490f3-3471-4c91-b539-2dde6cbff1da,46a30c5e-11ff-4c44-aa31-29a606850f82,1,8,2026-03-02 04:46:03.347595+00
2c482af9-6d11-4356-8dd9-9223236c18e4,13b78ddf-4433-4e30-b3b2-d3295f7086df,3d18f1c8-de23-4c6d-b843-8241da5d994e,2,11,2026-04-28 00:32:56.868999+00
2c530ce3-00f2-4431-ae5f-91d5ba047e90,976d2b52-ae86-4db2-a398-bb57fbbaeb87,c2011527-da58-4568-97f9-ec5c223ead8e,1,5,2026-01-20 01:32:39.849929+00
2ca2bc4b-df8f-410a-abbf-08c240b736df,28c25bca-56fb-487b-b335-f02e00863c6b,a98cac4a-9401-4a97-b8e6-93a7caee47e9,1,8,2025-08-26 00:30:53.12888+00
2ca8613d-78cf-4c7c-81e8-70f6227e8e54,5e429b8e-0feb-41e8-a512-cd6ae112b657,71913bf1-3c89-4850-a771-b807bac56136,0,4,2026-03-23 01:11:21.652233+00
2d154d7a-9001-40ea-abb9-74ea5bd7d9da,b0768a69-dec7-4af7-b170-19230fdc82ab,c2011527-da58-4568-97f9-ec5c223ead8e,1,8,2026-01-27 00:50:39.268387+00
2d7ec17c-aea6-47e4-9f5c-ab49cecc8f52,634bef0a-8a4f-4bb4-a7cc-79a5ec61e5cb,857f0ddb-bbf7-490f-89e7-c393913d1937,0,5,2025-12-23 02:13:34.5906+00
2df40c96-3cbf-4e70-b6c6-40b515dfd8eb,ef99d1e9-75a3-4c2a-9ab3-48604f86b4fa,71913bf1-3c89-4850-a771-b807bac56136,1,7,2026-02-17 01:04:46.058986+00
2e1ea770-1d79-4a50-8ada-dc1cf17c152e,b0768a69-dec7-4af7-b170-19230fdc82ab,eb3628cb-9a74-4281-bc9f-ebff66ae268e,0,2,2026-01-27 00:50:39.268387+00
2e33b0d0-5af9-4cb4-b7bb-d536e5569627,5e429b8e-0feb-41e8-a512-cd6ae112b657,a98cac4a-9401-4a97-b8e6-93a7caee47e9,0,2,2026-03-23 01:11:21.652233+00
2e5074d0-65bd-40f9-8866-b0d3101630eb,d7a991ce-94f4-44a6-9e3a-bda9babd7e11,eff7bddc-a865-47c4-95fb-fe4116d8c288,0,4,2025-12-09 02:15:48.500643+00
2ea07bd3-b4a9-4e63-950e-d9b0f2bc60f8,6321df99-8fc5-4465-a345-4e85e454e8cc,f3b179ce-265d-4bf0-8c6c-a641504ea802,2,8,2025-09-22 12:27:57.199993+00
2ee7a1e9-da15-41fe-aad3-e4ae2787df15,13b78ddf-4433-4e30-b3b2-d3295f7086df,78c6e1c2-6f06-4cf7-8a82-54f62c0e9504,0,6,2026-04-28 00:32:56.868999+00
2f28c599-3175-4ba7-b449-1281431d0a2a,3fbb2bf0-cef3-48b2-9d04-ecba8bd4165b,e2ffaf02-f17f-4be3-b3ee-651d39315af1,2,7,2025-09-30 00:21:43.959007+00
2f448994-af3b-4091-98f6-ffd7a255d7ab,634bef0a-8a4f-4bb4-a7cc-79a5ec61e5cb,66022633-1ced-4920-a431-b74b54e98345,2,11,2025-12-23 02:13:34.5906+00
2f79a12b-5382-4bf8-9d49-0e8eadc1cdab,00c76044-16a0-4acf-a0a5-8de00e9cbc06,46a30c5e-11ff-4c44-aa31-29a606850f82,1,5,2025-12-16 01:50:33.561015+00
3014ce9f-221f-4d68-a4a0-2e2cc73bb7d7,39344544-7804-4c1d-a17b-a1aff7a7f869,857f0ddb-bbf7-490f-89e7-c393913d1937,0,6,2025-11-10 03:54:43.745207+00
302fdfb1-546d-4050-8fd4-d9873779fd50,7577e1cd-1ba9-4266-acbc-d2d0027002a7,a98cac4a-9401-4a97-b8e6-93a7caee47e9,0,4,2026-02-03 01:52:01.382171+00
304152b9-be72-4c2d-8278-00ca463f4c48,3d3498a4-2cb9-46cc-a1c2-2cb731ca4d02,b782ca87-97a5-4e94-96b3-fda9d7a93d5d,3,11,2026-02-08 20:06:14.425546+00
304c56a8-4657-4a10-b53e-ec8a39d0d0cd,976d2b52-ae86-4db2-a398-bb57fbbaeb87,f9aa08c8-da66-4064-a39a-3225dadaa1d0,1,6,2026-01-20 01:32:39.849929+00
3077f6cc-cfb8-466c-877d-7fae5361119f,83060e08-aa40-4cdb-b07e-9690e6ec77c9,f9410110-ec63-4a83-ad54-2b5df48b9140,0,5,2026-04-20 23:41:11.10958+00
30e768fb-e905-4878-aaa8-424ae7c259ad,d8d2e264-f062-4c84-bc77-cf67da4c3bf5,7151cae2-f54e-4f88-9e6a-8ab7fe755160,0,2,2025-09-01 12:27:12.189666+00
313e1689-db80-46e6-8ad5-1e24d9236b5e,ef99d1e9-75a3-4c2a-9ab3-48604f86b4fa,f9aa08c8-da66-4064-a39a-3225dadaa1d0,1,9,2026-02-17 01:04:46.058986+00
314d75a2-887f-42e0-b200-8e2804b12f4d,d77ab4fc-0b5e-46dc-8403-2c02eb802dd6,b782ca87-97a5-4e94-96b3-fda9d7a93d5d,1,7,2025-10-05 23:57:44.019951+00
3179f7be-34d6-4089-81b3-abc3ec9c0d05,7d6130ac-980a-4352-8ec0-29a06643525e,abe5e91c-2516-47f8-98a7-2b1e70ab13b1,1,6,2026-01-12 01:11:49.843879+00
3191632b-eebc-4c15-b7a1-f35ff1e856bd,13b78ddf-4433-4e30-b3b2-d3295f7086df,4f4c26c5-21c6-4a45-b9ab-141ea2936063,0,7,2026-04-28 00:32:56.868999+00
31b1de7e-b142-4999-a0ed-8952513960c0,284571ab-f355-476f-841c-8d84cf3fc188,c8b7ea0d-f644-44ff-b89b-a0e352ff3cec,1,8,2025-09-15 00:20:33.877931+00
32204e3a-634e-43a1-949d-03e31e0c15e2,39344544-7804-4c1d-a17b-a1aff7a7f869,9a205562-9e06-49d8-865b-a0dfb3de0b20,1,9,2025-11-10 03:54:43.745207+00
325cf4ff-37c5-455f-bced-4175132ce639,e4227354-b5dd-4f39-8e72-213393a8c485,f9410110-ec63-4a83-ad54-2b5df48b9140,1,8,2026-03-10 03:14:51.526527+00
326efd71-8c26-4347-9470-f1b9fa2af910,d7a991ce-94f4-44a6-9e3a-bda9babd7e11,c2011527-da58-4568-97f9-ec5c223ead8e,1,8,2025-12-09 02:15:48.500643+00
327cbc45-2abb-4d40-9b6f-22af9ef56fe3,7d6130ac-980a-4352-8ec0-29a06643525e,c2011527-da58-4568-97f9-ec5c223ead8e,0,4,2026-01-12 01:11:49.843879+00
32800bc3-6f6f-4834-a2ba-ff23bdc65e8b,12df5536-e3fd-44e8-a289-169153a0f1df,182f8371-048a-4f6e-b95d-149f368c3c44,0,4,2026-02-23 22:30:35.650949+00
32a5d6fb-310a-447e-9ba6-21a493082396,ef99d1e9-75a3-4c2a-9ab3-48604f86b4fa,ceb258ce-454a-4b5f-9321-73fd28390495,0,7,2026-02-17 01:04:46.058986+00
3302ab8c-e1aa-4eef-974b-40076b9147e7,7577e1cd-1ba9-4266-acbc-d2d0027002a7,7151cae2-f54e-4f88-9e6a-8ab7fe755160,0,3,2026-02-03 01:52:01.382171+00
331a8d20-62f8-409e-9f61-77e8684bb464,7f04d06c-ca42-403e-8bc7-194f0a0c631a,eb3628cb-9a74-4281-bc9f-ebff66ae268e,0,4,2025-12-01 00:26:08.076072+00
3323d84d-48ba-4c8d-9d78-7f44390e1d4e,7d6130ac-980a-4352-8ec0-29a06643525e,182f8371-048a-4f6e-b95d-149f368c3c44,0,3,2026-01-12 01:11:49.843879+00
3335a2fe-259c-4262-bbad-8372bb2b1a46,f71b04ba-1da6-4037-bec6-7cdcab0fa7f3,e2ffaf02-f17f-4be3-b3ee-651d39315af1,0,4,2026-05-05 01:29:16.763626+00
333626dc-7401-4e4c-8ed1-a818ac4c6d56,3ea490f3-3471-4c91-b539-2dde6cbff1da,6bf245f8-9743-4b7b-ab78-dc0cdd591c6c,1,9,2026-03-02 04:46:03.347595+00
33391c1d-ba93-42a9-a79f-dac889aa986b,6321df99-8fc5-4465-a345-4e85e454e8cc,95f43b8d-de0d-4dd2-a9bb-0cdfe02e247a,1,7,2025-09-22 12:27:57.199993+00
335bbeca-4f3c-464a-8446-b0676ec2b3cb,12df5536-e3fd-44e8-a289-169153a0f1df,46a30c5e-11ff-4c44-aa31-29a606850f82,0,5,2026-02-23 22:30:35.650949+00
335f5a51-03dd-4dd3-a59c-8fa6b9d7f7cc,d8d2e264-f062-4c84-bc77-cf67da4c3bf5,25472e3e-4928-440c-84a8-ed85a6e4cf34,1,3,2025-09-01 12:27:12.189666+00
33639395-dd6d-4f33-bdeb-a20808cdf0f8,5e429b8e-0feb-41e8-a512-cd6ae112b657,182f8371-048a-4f6e-b95d-149f368c3c44,1,4,2026-03-23 01:11:21.652233+00
339c74c8-c811-4fcf-99a8-03e4212451e7,d6d48c4a-c6a6-4149-a03a-6a45d592346a,f9aa08c8-da66-4064-a39a-3225dadaa1d0,0,4,2026-04-06 02:24:09.814086+00
33efd96f-5fff-4952-bdc0-8c9635be78b7,3715512f-bc25-48aa-a319-f9b2ffc2fb15,e28417e9-f154-4f39-bf0d-86cb6a1abc32,1,7,2025-10-27 01:59:34.334362+00
340ad732-933f-4805-9053-b7dcef164df8,d6d48c4a-c6a6-4149-a03a-6a45d592346a,6a57188f-50ad-4d66-88e5-64236a293c32,1,10,2026-04-06 02:24:09.814086+00
3465ee77-f244-4e28-ab00-f10e7fcd54fa,976d2b52-ae86-4db2-a398-bb57fbbaeb87,b782ca87-97a5-4e94-96b3-fda9d7a93d5d,1,4,2026-01-20 01:32:39.849929+00
348ada07-0cba-42bb-952f-302f23e936c1,dbca26f6-24f8-4b2b-ae21-363e5a3a3801,6e5a68ef-c26c-4776-8f8c-7f3c22bc3f06,1,6,2026-04-14 00:51:56.113606+00
34ac911b-3336-4d1f-8f98-9791d2668680,b0768a69-dec7-4af7-b170-19230fdc82ab,66022633-1ced-4920-a431-b74b54e98345,1,6,2026-01-27 00:50:39.268387+00
34b119c5-e390-43fb-be4b-ec452394ed99,37bc4415-6386-4c1c-9a8b-453802fa72e1,c4d0c372-0a8c-445d-9994-fe871e8eb544,3,13,2025-12-29 01:10:50.647344+00
34ddc406-bb2a-4571-8e06-21f2d11a4540,dbca26f6-24f8-4b2b-ae21-363e5a3a3801,66022633-1ced-4920-a431-b74b54e98345,2,10,2026-04-14 00:51:56.113606+00
352ccf53-6343-4252-b6a0-8e0a3f66be48,13b78ddf-4433-4e30-b3b2-d3295f7086df,ceb258ce-454a-4b5f-9321-73fd28390495,2,10,2026-04-28 00:32:56.868999+00
354da1c9-fb0f-46a7-a4a2-54f5be35e092,83060e08-aa40-4cdb-b07e-9690e6ec77c9,f3b179ce-265d-4bf0-8c6c-a641504ea802,2,9,2026-04-20 23:41:11.10958+00
355ac59b-6cc3-4add-9980-399f5446cda2,28c25bca-56fb-487b-b335-f02e00863c6b,66022633-1ced-4920-a431-b74b54e98345,1,7,2025-08-26 00:30:53.12888+00
35a4e645-fffd-4c2e-9f93-5dde921daf2a,976d2b52-ae86-4db2-a398-bb57fbbaeb87,78c6e1c2-6f06-4cf7-8a82-54f62c0e9504,2,8,2026-01-20 01:32:39.849929+00
35e2480e-97e4-40cd-bbb4-5b4568dd1fbf,5e429b8e-0feb-41e8-a512-cd6ae112b657,ceb258ce-454a-4b5f-9321-73fd28390495,0,4,2026-03-23 01:11:21.652233+00
36018383-a9f9-43a9-bdb3-65f15253052b,28da2862-f00a-44dd-8ab5-a48849d53245,71913bf1-3c89-4850-a771-b807bac56136,0,2,2025-11-04 02:39:26.20676+00
3612a3f5-507f-4c84-adfd-f91e6ee732a0,db3a5288-ba3c-4edf-96b7-6d7bc46e834c,ceb258ce-454a-4b5f-9321-73fd28390495,0,3,2026-03-17 03:06:23.412534+00
364a3a20-06f7-4e26-a69e-8f53de8d3631,13b78ddf-4433-4e30-b3b2-d3295f7086df,e04c559e-ca37-400e-b70d-64cc03eb3361,0,5,2026-04-28 00:32:56.868999+00
369faa53-9525-49d6-b0cf-f9041a74a3b8,b0768a69-dec7-4af7-b170-19230fdc82ab,c8b7ea0d-f644-44ff-b89b-a0e352ff3cec,3,13,2026-01-27 00:50:39.268387+00
36dcd62f-9289-4e13-9970-f23d23f6d260,7d6130ac-980a-4352-8ec0-29a06643525e,25472e3e-4928-440c-84a8-ed85a6e4cf34,0,4,2026-01-12 01:11:49.843879+00
3709d095-6060-4324-bc0a-4e4590b1a808,284571ab-f355-476f-841c-8d84cf3fc188,66022633-1ced-4920-a431-b74b54e98345,0,5,2025-09-15 00:20:33.877931+00
37618acd-cb78-4159-8ec6-77522e30d41b,d7a991ce-94f4-44a6-9e3a-bda9babd7e11,49f48e02-6af0-4107-8f27-29f67efc4c3a,0,5,2025-12-09 02:15:48.500643+00
37b97a8d-81bc-4d89-b90d-b7646e402131,db3a5288-ba3c-4edf-96b7-6d7bc46e834c,66022633-1ced-4920-a431-b74b54e98345,1,5,2026-03-17 03:06:23.412534+00
37e4511a-bb24-43b8-ac5d-04b309cf3b79,7d6130ac-980a-4352-8ec0-29a06643525e,f9aa08c8-da66-4064-a39a-3225dadaa1d0,1,8,2026-01-12 01:11:49.843879+00
3876e812-e8de-4bb6-9962-af90a258ac30,83060e08-aa40-4cdb-b07e-9690e6ec77c9,eb3628cb-9a74-4281-bc9f-ebff66ae268e,2,7,2026-04-20 23:41:11.10958+00
38b26d4b-59c9-4dd9-90f6-34366e63293b,83060e08-aa40-4cdb-b07e-9690e6ec77c9,25472e3e-4928-440c-84a8-ed85a6e4cf34,2,7,2026-04-20 23:41:11.10958+00
3958d68c-3354-4e50-b155-d7ad126bd065,7d6130ac-980a-4352-8ec0-29a06643525e,9a205562-9e06-49d8-865b-a0dfb3de0b20,3,12,2026-01-12 01:11:49.843879+00
399190fc-9d3d-4a7b-aeb2-9e9db6538a55,7577e1cd-1ba9-4266-acbc-d2d0027002a7,78c6e1c2-6f06-4cf7-8a82-54f62c0e9504,0,3,2026-02-03 01:52:01.382171+00
39dd5fa6-e8f7-48e1-8e67-5edf27b18d6c,d7a991ce-94f4-44a6-9e3a-bda9babd7e11,9a205562-9e06-49d8-865b-a0dfb3de0b20,0,5,2025-12-09 02:15:48.500643+00
39ece0df-a07b-456d-8bd4-5ba655b9863f,39344544-7804-4c1d-a17b-a1aff7a7f869,f9aa08c8-da66-4064-a39a-3225dadaa1d0,0,6,2025-11-10 03:54:43.745207+00
3a2a18e7-3f59-4afb-a28d-2f80a8a0dd16,28c25bca-56fb-487b-b335-f02e00863c6b,49f48e02-6af0-4107-8f27-29f67efc4c3a,2,12,2025-08-26 00:30:53.12888+00
3a62fc4f-694d-41f6-a9d1-7b3a82bf87d3,284571ab-f355-476f-841c-8d84cf3fc188,c2011527-da58-4568-97f9-ec5c223ead8e,0,5,2025-09-15 00:20:33.877931+00
3ac32c52-fdcb-4d6f-bf33-dfb0c5ade46e,13b78ddf-4433-4e30-b3b2-d3295f7086df,e28417e9-f154-4f39-bf0d-86cb6a1abc32,1,10,2026-04-28 00:32:56.868999+00
3bbe1afe-bb14-4f4a-9188-6fde800a9d22,435af285-efb9-47f0-a3b5-aa47b7b78b56,eb3628cb-9a74-4281-bc9f-ebff66ae268e,0,4,2025-11-25 02:24:54.186745+00
3c0f15ad-131b-4488-aa86-c1ee07afbd60,13b78ddf-4433-4e30-b3b2-d3295f7086df,298651b6-b5d4-4875-a636-799edae79a84,0,0,2026-04-28 00:32:56.868999+00
3c43c6ab-dd59-4fc0-923e-45e6adca8b6f,28da2862-f00a-44dd-8ab5-a48849d53245,c2011527-da58-4568-97f9-ec5c223ead8e,1,8,2025-11-04 02:39:26.20676+00
3c4aee52-a440-4e58-9d8e-aa8eb7b91509,12df5536-e3fd-44e8-a289-169153a0f1df,95f43b8d-de0d-4dd2-a9bb-0cdfe02e247a,1,7,2026-02-23 22:30:35.650949+00
3c520c42-1af4-4578-9a61-3e6ab988f19b,d8d2e264-f062-4c84-bc77-cf67da4c3bf5,46a30c5e-11ff-4c44-aa31-29a606850f82,0,3,2025-09-01 12:27:12.189666+00
3c871bf3-17aa-4c29-9b19-b522dc9bcb08,e4227354-b5dd-4f39-8e72-213393a8c485,857f0ddb-bbf7-490f-89e7-c393913d1937,0,2,2026-03-10 03:14:51.526527+00
3c9f5fe7-6532-4e6c-8a25-806aca4a6ccb,7d6130ac-980a-4352-8ec0-29a06643525e,e04c559e-ca37-400e-b70d-64cc03eb3361,1,6,2026-01-12 01:11:49.843879+00
3cb4d95b-dcd4-4ccc-a0dd-dc421e1304eb,12df5536-e3fd-44e8-a289-169153a0f1df,66022633-1ced-4920-a431-b74b54e98345,0,5,2026-02-23 22:30:35.650949+00
3ccc54b6-adbb-45b7-96bc-445a2bccc81c,d7a991ce-94f4-44a6-9e3a-bda9babd7e11,ceb258ce-454a-4b5f-9321-73fd28390495,1,8,2025-12-09 02:15:48.500643+00
3ce56eb7-ae12-401b-8c29-f620e33451b0,7f04d06c-ca42-403e-8bc7-194f0a0c631a,25472e3e-4928-440c-84a8-ed85a6e4cf34,0,1,2025-12-01 00:26:08.076072+00
3cfcc3ce-9d35-4522-94d3-93a1a9f51aaf,634bef0a-8a4f-4bb4-a7cc-79a5ec61e5cb,9a205562-9e06-49d8-865b-a0dfb3de0b20,2,10,2025-12-23 02:13:34.5906+00
3d029694-3158-4fdf-b1e8-977b72236f36,435af285-efb9-47f0-a3b5-aa47b7b78b56,8ed10184-c01b-4913-be71-bf7b48b8163a,3,11,2025-11-25 02:24:54.186745+00
3d262812-1835-4224-8768-7beb6a5a4a90,7be0759a-59c6-4da1-be13-e876a9051907,182f8371-048a-4f6e-b95d-149f368c3c44,0,3,2025-10-21 00:14:04.11767+00
3dbea892-5065-4ff5-9f47-7d83cf43573b,3715512f-bc25-48aa-a319-f9b2ffc2fb15,46a30c5e-11ff-4c44-aa31-29a606850f82,1,6,2025-10-27 01:59:34.334362+00
3dc32c87-6c31-44fe-9cb9-c34c37b4e483,f71b04ba-1da6-4037-bec6-7cdcab0fa7f3,71913bf1-3c89-4850-a771-b807bac56136,0,2,2026-05-05 01:29:16.763626+00
3df5c25a-d1af-455d-8fe1-7bb994a7f213,39344544-7804-4c1d-a17b-a1aff7a7f869,c8b7ea0d-f644-44ff-b89b-a0e352ff3cec,1,11,2025-11-10 03:54:43.745207+00
3e892e1c-90d4-48a3-aabc-6adff5d5a5f4,d6d48c4a-c6a6-4149-a03a-6a45d592346a,f9410110-ec63-4a83-ad54-2b5df48b9140,2,12,2026-04-06 02:24:09.814086+00
3f3624d0-853e-4501-b620-42634cc70f22,d7a991ce-94f4-44a6-9e3a-bda9babd7e11,95f43b8d-de0d-4dd2-a9bb-0cdfe02e247a,3,13,2025-12-09 02:15:48.500643+00
3f725c94-2676-46e7-8f23-ff8d8b70c3cb,d77ab4fc-0b5e-46dc-8403-2c02eb802dd6,6e5a68ef-c26c-4776-8f8c-7f3c22bc3f06,1,10,2025-10-05 23:57:44.019951+00
3f766470-0082-4c05-9d4e-c3e8d0027063,db3a5288-ba3c-4edf-96b7-6d7bc46e834c,25472e3e-4928-440c-84a8-ed85a6e4cf34,3,12,2026-03-17 03:06:23.412534+00
3f8346be-2446-492f-8e5b-38e476c4eb9b,13b78ddf-4433-4e30-b3b2-d3295f7086df,c4d0c372-0a8c-445d-9994-fe871e8eb544,1,7,2026-04-28 00:32:56.868999+00
3fe0f78d-bcf7-4d38-b71f-1124772d6309,37bc4415-6386-4c1c-9a8b-453802fa72e1,f9410110-ec63-4a83-ad54-2b5df48b9140,2,8,2025-12-29 01:10:50.647344+00
407ec6c5-8b04-4974-9e9e-46347ab1ae15,d77ab4fc-0b5e-46dc-8403-2c02eb802dd6,f9410110-ec63-4a83-ad54-2b5df48b9140,1,9,2025-10-05 23:57:44.019951+00
4092284d-b834-495d-b077-2e3c0287e2c7,5e429b8e-0feb-41e8-a512-cd6ae112b657,9a205562-9e06-49d8-865b-a0dfb3de0b20,0,3,2026-03-23 01:11:21.652233+00
409fae43-8061-431c-a99b-856e8747da8e,13b78ddf-4433-4e30-b3b2-d3295f7086df,49f48e02-6af0-4107-8f27-29f67efc4c3a,1,8,2026-04-28 00:32:56.868999+00
40c87661-c124-41a9-8600-79e5c9dee50a,e1083685-268d-4376-bbc8-14fe74194d46,6a57188f-50ad-4d66-88e5-64236a293c32,0,6,2025-08-18 23:21:21.195482+00
40eebe66-6062-47fe-85e3-c1756741e1a6,00c76044-16a0-4acf-a0a5-8de00e9cbc06,e28417e9-f154-4f39-bf0d-86cb6a1abc32,0,4,2025-12-16 01:50:33.561015+00
410090a9-91ec-496f-b918-3705c106e91e,6321df99-8fc5-4465-a345-4e85e454e8cc,6e5a68ef-c26c-4776-8f8c-7f3c22bc3f06,2,8,2025-09-22 12:27:57.199993+00
4118c3fa-fd6e-4b27-a54f-ce420b36e8c8,7be0759a-59c6-4da1-be13-e876a9051907,a98cac4a-9401-4a97-b8e6-93a7caee47e9,0,4,2025-10-21 00:14:04.11767+00
4146430a-be82-4e59-a5a4-c8ef3aed4ba4,5e429b8e-0feb-41e8-a512-cd6ae112b657,95f43b8d-de0d-4dd2-a9bb-0cdfe02e247a,1,6,2026-03-23 01:11:21.652233+00
4172328f-1f6b-4637-afc3-710180fb0273,13b78ddf-4433-4e30-b3b2-d3295f7086df,8ed10184-c01b-4913-be71-bf7b48b8163a,2,12,2026-04-28 00:32:56.868999+00
4172577e-0243-4841-a4e2-c0adddfeb6d8,976d2b52-ae86-4db2-a398-bb57fbbaeb87,46a30c5e-11ff-4c44-aa31-29a606850f82,1,4,2026-01-20 01:32:39.849929+00
41a9ae07-b78c-4c78-8420-69894283976b,37bc4415-6386-4c1c-9a8b-453802fa72e1,584d969b-f2c5-4e89-a226-9d5d47bebe23,0,4,2025-12-29 01:10:50.647344+00
4242e0f5-37e6-4392-9aaa-8d897bc0eccd,634bef0a-8a4f-4bb4-a7cc-79a5ec61e5cb,6e5a68ef-c26c-4776-8f8c-7f3c22bc3f06,2,10,2025-12-23 02:13:34.5906+00
4255bf12-c99e-4ec1-becd-33ea73c2b101,ef99d1e9-75a3-4c2a-9ab3-48604f86b4fa,c4d0c372-0a8c-445d-9994-fe871e8eb544,1,4,2026-02-17 01:04:46.058986+00
42bd5a34-35e7-493d-bead-fa463a4f1578,db3a5288-ba3c-4edf-96b7-6d7bc46e834c,3d18f1c8-de23-4c6d-b843-8241da5d994e,0,4,2026-03-17 03:06:23.412534+00
42bde4db-86fe-45d8-93d7-5cb1457a6957,7f04d06c-ca42-403e-8bc7-194f0a0c631a,c4d0c372-0a8c-445d-9994-fe871e8eb544,1,8,2025-12-01 00:26:08.076072+00
42c5d05c-dc7b-40ce-b8e8-052a61120765,d6d48c4a-c6a6-4149-a03a-6a45d592346a,e2ffaf02-f17f-4be3-b3ee-651d39315af1,0,4,2026-04-06 02:24:09.814086+00
43007336-3dba-4912-9cf3-5b85ebf90969,634bef0a-8a4f-4bb4-a7cc-79a5ec61e5cb,c4d0c372-0a8c-445d-9994-fe871e8eb544,0,5,2025-12-23 02:13:34.5906+00
4307dd0c-9414-4d68-bbfd-268eb83085e2,ef99d1e9-75a3-4c2a-9ab3-48604f86b4fa,eb3628cb-9a74-4281-bc9f-ebff66ae268e,1,4,2026-02-17 01:04:46.058986+00
4316dd99-851d-4a2d-9d2c-e1f0ef66adb3,d8d2e264-f062-4c84-bc77-cf67da4c3bf5,f9aa08c8-da66-4064-a39a-3225dadaa1d0,0,3,2025-09-01 12:27:12.189666+00
43ab52be-a18b-4bdb-85ea-7aeee7a3b7d1,d6d48c4a-c6a6-4149-a03a-6a45d592346a,ceb258ce-454a-4b5f-9321-73fd28390495,1,6,2026-04-06 02:24:09.814086+00
43b69521-9357-4e6d-a77a-e5b931b0cde6,d8d2e264-f062-4c84-bc77-cf67da4c3bf5,e04c559e-ca37-400e-b70d-64cc03eb3361,1,6,2025-09-01 12:27:12.189666+00
43ca257f-9008-4433-8886-e91adadcb76b,3ea490f3-3471-4c91-b539-2dde6cbff1da,f9410110-ec63-4a83-ad54-2b5df48b9140,0,5,2026-03-02 04:46:03.347595+00
43cc2b8c-ed2f-4674-9a59-2b47f78e616f,284571ab-f355-476f-841c-8d84cf3fc188,3d18f1c8-de23-4c6d-b843-8241da5d994e,2,11,2025-09-15 00:20:33.877931+00
43dbae39-b843-4f24-813a-860dabf6e3bf,d8d2e264-f062-4c84-bc77-cf67da4c3bf5,f9410110-ec63-4a83-ad54-2b5df48b9140,0,2,2025-09-01 12:27:12.189666+00
43ffb552-8681-474d-8af9-0c8d3a5328da,7f04d06c-ca42-403e-8bc7-194f0a0c631a,f9aa08c8-da66-4064-a39a-3225dadaa1d0,1,8,2025-12-01 00:26:08.076072+00
441a82dd-46d5-4e9a-9ed6-97c44f34f8c0,435af285-efb9-47f0-a3b5-aa47b7b78b56,7151cae2-f54e-4f88-9e6a-8ab7fe755160,0,3,2025-11-25 02:24:54.186745+00
445cc3c8-02d8-4e47-8a1d-dcc62912b533,dbca26f6-24f8-4b2b-ae21-363e5a3a3801,e04c559e-ca37-400e-b70d-64cc03eb3361,1,5,2026-04-14 00:51:56.113606+00
4460c52e-48a6-43d9-8b24-0a3b4d0b6dad,d8d2e264-f062-4c84-bc77-cf67da4c3bf5,8ed10184-c01b-4913-be71-bf7b48b8163a,0,1,2025-09-01 12:27:12.189666+00
4496e6d3-11da-4dd3-a903-99ccadca5733,3fbb2bf0-cef3-48b2-9d04-ecba8bd4165b,46a30c5e-11ff-4c44-aa31-29a606850f82,0,4,2025-09-30 00:21:43.959007+00
454e1ebd-afe5-4987-8586-2a71c55483b1,7577e1cd-1ba9-4266-acbc-d2d0027002a7,6e5a68ef-c26c-4776-8f8c-7f3c22bc3f06,0,7,2026-02-03 01:52:01.382171+00
4570a0ed-9868-4fed-80c8-c308c2864de5,e4227354-b5dd-4f39-8e72-213393a8c485,ceb258ce-454a-4b5f-9321-73fd28390495,0,2,2026-03-10 03:14:51.526527+00
458d4539-9b06-48ca-9634-d441170f2b07,3ea490f3-3471-4c91-b539-2dde6cbff1da,7151cae2-f54e-4f88-9e6a-8ab7fe755160,1,7,2026-03-02 04:46:03.347595+00
45a5e986-1ff3-4a3f-83a4-41cc046ab9ea,634bef0a-8a4f-4bb4-a7cc-79a5ec61e5cb,6a57188f-50ad-4d66-88e5-64236a293c32,0,4,2025-12-23 02:13:34.5906+00
4644da1a-813a-4612-9d06-96c3f253df4d,83060e08-aa40-4cdb-b07e-9690e6ec77c9,71913bf1-3c89-4850-a771-b807bac56136,1,7,2026-04-20 23:41:11.10958+00
469538c7-ee7e-457d-87f9-9941dbd95237,5e429b8e-0feb-41e8-a512-cd6ae112b657,78c6e1c2-6f06-4cf7-8a82-54f62c0e9504,1,5,2026-03-23 01:11:21.652233+00
46c75430-f726-4515-bd77-96b6bc00b36c,6321df99-8fc5-4465-a345-4e85e454e8cc,eff7bddc-a865-47c4-95fb-fe4116d8c288,2,9,2025-09-22 12:27:57.199993+00
46cd5236-0f72-4f5c-b7d0-b40f7d4192fd,39344544-7804-4c1d-a17b-a1aff7a7f869,46a30c5e-11ff-4c44-aa31-29a606850f82,1,7,2025-11-10 03:54:43.745207+00
46dfb91b-4edc-4038-b155-e65b2d1f9a64,13b78ddf-4433-4e30-b3b2-d3295f7086df,e2ffaf02-f17f-4be3-b3ee-651d39315af1,1,8,2026-04-28 00:32:56.868999+00
470e0ac6-75dd-4144-afa0-e720c38da746,7be0759a-59c6-4da1-be13-e876a9051907,71913bf1-3c89-4850-a771-b807bac56136,2,10,2025-10-21 00:14:04.11767+00
475e9aa9-47a2-4f45-a748-95bf7fd7b5a9,435af285-efb9-47f0-a3b5-aa47b7b78b56,b782ca87-97a5-4e94-96b3-fda9d7a93d5d,2,9,2025-11-25 02:24:54.186745+00
47e11f27-62d1-4c3d-a087-9c26cb420eb7,435af285-efb9-47f0-a3b5-aa47b7b78b56,49f48e02-6af0-4107-8f27-29f67efc4c3a,1,7,2025-11-25 02:24:54.186745+00
47e2288a-6b2b-4668-94d8-070db76ae8bd,7d6130ac-980a-4352-8ec0-29a06643525e,8ed10184-c01b-4913-be71-bf7b48b8163a,2,15,2026-01-12 01:11:49.843879+00
4825dafd-cf97-4e52-b5c2-02cebae061cf,435af285-efb9-47f0-a3b5-aa47b7b78b56,c8b7ea0d-f644-44ff-b89b-a0e352ff3cec,2,8,2025-11-25 02:24:54.186745+00
486acc3d-a56d-4e38-9c5d-a5a27610bda8,976d2b52-ae86-4db2-a398-bb57fbbaeb87,c8b7ea0d-f644-44ff-b89b-a0e352ff3cec,0,1,2026-01-20 01:32:39.849929+00
486b8949-93cf-49ab-aeb5-53a44c017fdd,7f04d06c-ca42-403e-8bc7-194f0a0c631a,298651b6-b5d4-4875-a636-799edae79a84,0,1,2025-12-01 00:26:08.076072+00
48b46e0a-aefe-4623-bdf7-61a73d790b29,28da2862-f00a-44dd-8ab5-a48849d53245,a98cac4a-9401-4a97-b8e6-93a7caee47e9,3,13,2025-11-04 02:39:26.20676+00
48c89313-4d21-4011-a44f-da198248695a,7577e1cd-1ba9-4266-acbc-d2d0027002a7,46a30c5e-11ff-4c44-aa31-29a606850f82,2,10,2026-02-03 01:52:01.382171+00
48cc0f46-9953-483d-bb75-04553f797817,6321df99-8fc5-4465-a345-4e85e454e8cc,298651b6-b5d4-4875-a636-799edae79a84,0,2,2025-09-22 12:27:57.199993+00
48e3fd43-6bb0-4a71-9d6a-41af9ae9222c,39344544-7804-4c1d-a17b-a1aff7a7f869,298651b6-b5d4-4875-a636-799edae79a84,0,8,2025-11-10 03:54:43.745207+00
48e84122-56b8-4a72-9edf-529ed638664f,28c25bca-56fb-487b-b335-f02e00863c6b,abe5e91c-2516-47f8-98a7-2b1e70ab13b1,1,7,2025-08-26 00:30:53.12888+00
48f85a40-c0ae-4b07-b13c-2d2354d84a35,d6d48c4a-c6a6-4149-a03a-6a45d592346a,78c6e1c2-6f06-4cf7-8a82-54f62c0e9504,0,4,2026-04-06 02:24:09.814086+00
49212475-3af4-4b2a-95dd-742216551100,b8e9c830-4504-4e15-9aba-2cf1e3b2de9d,abe5e91c-2516-47f8-98a7-2b1e70ab13b1,2,11,2026-01-05 01:20:32.782065+00
4932a7d3-dcb6-4f3e-9d3e-551ecd129d9e,f71b04ba-1da6-4037-bec6-7cdcab0fa7f3,f9410110-ec63-4a83-ad54-2b5df48b9140,0,3,2026-05-05 01:29:16.763626+00
495b0830-dc2c-4dd1-80bd-079b126773c2,7577e1cd-1ba9-4266-acbc-d2d0027002a7,eff7bddc-a865-47c4-95fb-fe4116d8c288,0,4,2026-02-03 01:52:01.382171+00
496bd3fc-034d-41a8-be59-c0ce58c4b759,634bef0a-8a4f-4bb4-a7cc-79a5ec61e5cb,abe5e91c-2516-47f8-98a7-2b1e70ab13b1,0,5,2025-12-23 02:13:34.5906+00
49bd361f-c170-41b0-82ed-4be87b179d4b,7577e1cd-1ba9-4266-acbc-d2d0027002a7,584d969b-f2c5-4e89-a226-9d5d47bebe23,0,6,2026-02-03 01:52:01.382171+00
4a5e0056-fbfc-47e1-a1ad-3d0e9f7fe640,7f04d06c-ca42-403e-8bc7-194f0a0c631a,e28417e9-f154-4f39-bf0d-86cb6a1abc32,0,6,2025-12-01 00:26:08.076072+00
4a673ba7-1cf4-4b4d-bcf0-7a8188050367,00c76044-16a0-4acf-a0a5-8de00e9cbc06,6bf245f8-9743-4b7b-ab78-dc0cdd591c6c,0,5,2025-12-16 01:50:33.561015+00
4a905549-62f6-4614-8026-32c6f22a76d8,3d3498a4-2cb9-46cc-a1c2-2cb731ca4d02,c8b7ea0d-f644-44ff-b89b-a0e352ff3cec,0,3,2026-02-08 20:06:14.425546+00
4a95a45d-c2e7-4304-84bc-262aeb4f7a21,b0768a69-dec7-4af7-b170-19230fdc82ab,46a30c5e-11ff-4c44-aa31-29a606850f82,1,7,2026-01-27 00:50:39.268387+00
4ac24b15-e779-4e5d-bec9-346eeda88ced,d6d48c4a-c6a6-4149-a03a-6a45d592346a,b782ca87-97a5-4e94-96b3-fda9d7a93d5d,1,7,2026-04-06 02:24:09.814086+00
4ae3a965-9fdd-4ebb-be9f-357eaa8bcdb1,284571ab-f355-476f-841c-8d84cf3fc188,abe5e91c-2516-47f8-98a7-2b1e70ab13b1,2,12,2025-09-15 00:20:33.877931+00
4b05133d-4c1e-411d-b72a-2a5e960d7a1a,f71b04ba-1da6-4037-bec6-7cdcab0fa7f3,7151cae2-f54e-4f88-9e6a-8ab7fe755160,0,6,2026-05-05 01:29:16.763626+00
4b74628b-6e80-433e-9cbf-ef8415573828,3fbb2bf0-cef3-48b2-9d04-ecba8bd4165b,6a57188f-50ad-4d66-88e5-64236a293c32,1,5,2025-09-30 00:21:43.959007+00
4baff286-2eb2-4eff-88d5-7a06096a6b5b,d7a991ce-94f4-44a6-9e3a-bda9babd7e11,66022633-1ced-4920-a431-b74b54e98345,1,6,2025-12-09 02:15:48.500643+00
4bc36d23-ea06-44b4-b7fd-b5d723e4002f,e4227354-b5dd-4f39-8e72-213393a8c485,e2ffaf02-f17f-4be3-b3ee-651d39315af1,0,5,2026-03-10 03:14:51.526527+00
4cf3a7bf-41cb-4b9e-b966-df2e6897a4f5,3715512f-bc25-48aa-a319-f9b2ffc2fb15,f9aa08c8-da66-4064-a39a-3225dadaa1d0,0,6,2025-10-27 01:59:34.334362+00
4d2b5f05-593b-4652-8437-f692fa036e99,12df5536-e3fd-44e8-a289-169153a0f1df,b782ca87-97a5-4e94-96b3-fda9d7a93d5d,1,8,2026-02-23 22:30:35.650949+00
4d305497-2c36-4515-bd02-5c46e81da86b,e1083685-268d-4376-bbc8-14fe74194d46,eb3628cb-9a74-4281-bc9f-ebff66ae268e,2,11,2025-08-18 23:21:21.195482+00
4d4550c2-ee9e-4466-97b5-d81d72265a65,976d2b52-ae86-4db2-a398-bb57fbbaeb87,f9410110-ec63-4a83-ad54-2b5df48b9140,0,1,2026-01-20 01:32:39.849929+00
4d699fd6-d364-44b1-9829-db3e81e326e4,ef99d1e9-75a3-4c2a-9ab3-48604f86b4fa,78c6e1c2-6f06-4cf7-8a82-54f62c0e9504,1,9,2026-02-17 01:04:46.058986+00
4d8f98ce-278f-41c8-a3d9-cf020afdddc4,7d6130ac-980a-4352-8ec0-29a06643525e,49f48e02-6af0-4107-8f27-29f67efc4c3a,3,14,2026-01-12 01:11:49.843879+00
4e4ae6f5-7967-4fca-88b0-338b1cb062ff,db3a5288-ba3c-4edf-96b7-6d7bc46e834c,f9aa08c8-da66-4064-a39a-3225dadaa1d0,0,5,2026-03-17 03:06:23.412534+00
4f425a7c-9454-4df2-a0b8-7f4956bb698e,3715512f-bc25-48aa-a319-f9b2ffc2fb15,6bf245f8-9743-4b7b-ab78-dc0cdd591c6c,2,8,2025-10-27 01:59:34.334362+00
4f4428f9-04bd-4fbf-905b-8313f76a2256,7be0759a-59c6-4da1-be13-e876a9051907,ceb258ce-454a-4b5f-9321-73fd28390495,1,8,2025-10-21 00:14:04.11767+00
4fa6fff1-85d4-461b-92be-67e262252079,dbca26f6-24f8-4b2b-ae21-363e5a3a3801,e2ffaf02-f17f-4be3-b3ee-651d39315af1,1,8,2026-04-14 00:51:56.113606+00
4fb6d4a0-5b1a-44c7-92e1-835b82421198,3fbb2bf0-cef3-48b2-9d04-ecba8bd4165b,eb3628cb-9a74-4281-bc9f-ebff66ae268e,1,6,2025-09-30 00:21:43.959007+00
4fd6d027-9be0-42f5-a777-3ec95cdf9a5d,db3a5288-ba3c-4edf-96b7-6d7bc46e834c,49f48e02-6af0-4107-8f27-29f67efc4c3a,0,5,2026-03-17 03:06:23.412534+00
4fe1ce83-eeaf-47fe-8542-1ceb1bb15fc8,b8e9c830-4504-4e15-9aba-2cf1e3b2de9d,e04c559e-ca37-400e-b70d-64cc03eb3361,0,6,2026-01-05 01:20:32.782065+00
4ff7b36c-13d4-41d2-8171-d456993eee4b,83060e08-aa40-4cdb-b07e-9690e6ec77c9,e28417e9-f154-4f39-bf0d-86cb6a1abc32,1,7,2026-04-20 23:41:11.10958+00
50088a7e-f7e7-4202-923a-2937452d6aa7,db3a5288-ba3c-4edf-96b7-6d7bc46e834c,eb3628cb-9a74-4281-bc9f-ebff66ae268e,3,12,2026-03-17 03:06:23.412534+00
503c3ad4-9b5e-4fca-b5ac-0b241ebd8caa,3715512f-bc25-48aa-a319-f9b2ffc2fb15,eff7bddc-a865-47c4-95fb-fe4116d8c288,1,9,2025-10-27 01:59:34.334362+00
5044422f-176c-445e-ba14-32d4d624d5e2,7f04d06c-ca42-403e-8bc7-194f0a0c631a,b782ca87-97a5-4e94-96b3-fda9d7a93d5d,1,9,2025-12-01 00:26:08.076072+00
5090d1e2-2863-4dc4-8ad4-500700794401,5e429b8e-0feb-41e8-a512-cd6ae112b657,eff7bddc-a865-47c4-95fb-fe4116d8c288,1,6,2026-03-23 01:11:21.652233+00
5174274a-6c67-4368-b29b-985cc0515494,3715512f-bc25-48aa-a319-f9b2ffc2fb15,c2011527-da58-4568-97f9-ec5c223ead8e,1,5,2025-10-27 01:59:34.334362+00
51a81e8f-84e8-4565-bf46-961627ab3ea0,e1083685-268d-4376-bbc8-14fe74194d46,c4d0c372-0a8c-445d-9994-fe871e8eb544,0,7,2025-08-18 23:21:21.195482+00
51bb188b-4950-4c50-84c8-d332b91ec449,3d3498a4-2cb9-46cc-a1c2-2cb731ca4d02,6a57188f-50ad-4d66-88e5-64236a293c32,1,7,2026-02-08 20:06:14.425546+00
524cf1d8-3704-4739-a713-d068178634af,d77ab4fc-0b5e-46dc-8403-2c02eb802dd6,8ed10184-c01b-4913-be71-bf7b48b8163a,0,6,2025-10-05 23:57:44.019951+00
527eee59-1746-4adb-a633-dbb1643897e8,7f04d06c-ca42-403e-8bc7-194f0a0c631a,a98cac4a-9401-4a97-b8e6-93a7caee47e9,1,7,2025-12-01 00:26:08.076072+00
52955006-5aa5-4b65-9f64-4d007682a7c9,83060e08-aa40-4cdb-b07e-9690e6ec77c9,f9aa08c8-da66-4064-a39a-3225dadaa1d0,0,5,2026-04-20 23:41:11.10958+00
52affde8-d30f-4c2b-a645-fef97aaf3e6c,f71b04ba-1da6-4037-bec6-7cdcab0fa7f3,c2011527-da58-4568-97f9-ec5c223ead8e,0,3,2026-05-05 01:29:16.763626+00
52d8996f-4db0-4442-98ae-eb942d0cda9c,976d2b52-ae86-4db2-a398-bb57fbbaeb87,f3b179ce-265d-4bf0-8c6c-a641504ea802,1,4,2026-01-20 01:32:39.849929+00
52e2a6a6-01f3-4d24-9b0a-def1f5d25abe,e1083685-268d-4376-bbc8-14fe74194d46,eff7bddc-a865-47c4-95fb-fe4116d8c288,0,3,2025-08-18 23:21:21.195482+00
531c50fe-1ceb-40f1-b05b-947f53ad44eb,37bc4415-6386-4c1c-9a8b-453802fa72e1,857f0ddb-bbf7-490f-89e7-c393913d1937,1,9,2025-12-29 01:10:50.647344+00
534f4dcc-e0c5-47e2-8ea8-c72bdcd60451,00c76044-16a0-4acf-a0a5-8de00e9cbc06,e2ffaf02-f17f-4be3-b3ee-651d39315af1,0,5,2025-12-16 01:50:33.561015+00
5355a5f7-3b3e-4e8a-be96-89db571e66fb,284571ab-f355-476f-841c-8d84cf3fc188,49f48e02-6af0-4107-8f27-29f67efc4c3a,0,5,2025-09-15 00:20:33.877931+00
53827fb7-8d5c-409c-a23f-d4836f9578ab,634bef0a-8a4f-4bb4-a7cc-79a5ec61e5cb,182f8371-048a-4f6e-b95d-149f368c3c44,3,14,2025-12-23 02:13:34.5906+00
5384beb3-e139-4ca9-bac5-3693fd1c8671,e1083685-268d-4376-bbc8-14fe74194d46,ceb258ce-454a-4b5f-9321-73fd28390495,1,8,2025-08-18 23:21:21.195482+00
53dcea20-e36f-4e22-a783-283876f9b01c,435af285-efb9-47f0-a3b5-aa47b7b78b56,ceb258ce-454a-4b5f-9321-73fd28390495,2,10,2025-11-25 02:24:54.186745+00
5449fe43-3503-458a-9f31-bf2d7189ac3e,3ea490f3-3471-4c91-b539-2dde6cbff1da,f9aa08c8-da66-4064-a39a-3225dadaa1d0,2,12,2026-03-02 04:46:03.347595+00
54f34be8-2369-4ba6-96ea-7a4b4e7e22a7,976d2b52-ae86-4db2-a398-bb57fbbaeb87,6e5a68ef-c26c-4776-8f8c-7f3c22bc3f06,1,5,2026-01-20 01:32:39.849929+00
5538e962-7e8c-4ece-8e4b-292e16910b08,12df5536-e3fd-44e8-a289-169153a0f1df,a98cac4a-9401-4a97-b8e6-93a7caee47e9,0,6,2026-02-23 22:30:35.650949+00
55797580-5f0e-491a-b891-6ba015c4cc35,28c25bca-56fb-487b-b335-f02e00863c6b,7151cae2-f54e-4f88-9e6a-8ab7fe755160,2,14,2025-08-26 00:30:53.12888+00
55955843-3708-4c57-a503-0f85e02b76e2,6321df99-8fc5-4465-a345-4e85e454e8cc,4f4c26c5-21c6-4a45-b9ab-141ea2936063,2,9,2025-09-22 12:27:57.199993+00
569eeb07-019b-4515-a262-90fe2c762711,b0768a69-dec7-4af7-b170-19230fdc82ab,8ed10184-c01b-4913-be71-bf7b48b8163a,0,3,2026-01-27 00:50:39.268387+00
56c43674-fa2e-450e-a469-74717074be4b,7be0759a-59c6-4da1-be13-e876a9051907,f9aa08c8-da66-4064-a39a-3225dadaa1d0,0,4,2025-10-21 00:14:04.11767+00
56fec482-9895-4039-baa5-9ff61e9ee35f,3fbb2bf0-cef3-48b2-9d04-ecba8bd4165b,f9410110-ec63-4a83-ad54-2b5df48b9140,1,10,2025-09-30 00:21:43.959007+00
5744381b-28a8-4e12-896c-4016329fe33a,3fbb2bf0-cef3-48b2-9d04-ecba8bd4165b,95f43b8d-de0d-4dd2-a9bb-0cdfe02e247a,0,3,2025-09-30 00:21:43.959007+00
575622f2-8723-48bd-829c-90d648e8e28b,3ea490f3-3471-4c91-b539-2dde6cbff1da,66022633-1ced-4920-a431-b74b54e98345,2,9,2026-03-02 04:46:03.347595+00
578ef636-d31a-4e97-b440-ded0e1fee33e,3ea490f3-3471-4c91-b539-2dde6cbff1da,b782ca87-97a5-4e94-96b3-fda9d7a93d5d,2,10,2026-03-02 04:46:03.347595+00
57aa200e-cf4f-40e7-aad9-a2cb14ec037f,b8e9c830-4504-4e15-9aba-2cf1e3b2de9d,7151cae2-f54e-4f88-9e6a-8ab7fe755160,0,5,2026-01-05 01:20:32.782065+00
57b70354-77e3-45d8-90c8-a4d909e19b73,83060e08-aa40-4cdb-b07e-9690e6ec77c9,4f4c26c5-21c6-4a45-b9ab-141ea2936063,0,3,2026-04-20 23:41:11.10958+00
58ddb4b4-3c3c-4781-98f4-675aa83de7fd,28c25bca-56fb-487b-b335-f02e00863c6b,25472e3e-4928-440c-84a8-ed85a6e4cf34,2,12,2025-08-26 00:30:53.12888+00
590f8692-40f7-49f8-b26f-94c370990797,37bc4415-6386-4c1c-9a8b-453802fa72e1,e2ffaf02-f17f-4be3-b3ee-651d39315af1,0,5,2025-12-29 01:10:50.647344+00
592b1a6a-c67e-469b-bdb2-b06a44408f06,dbca26f6-24f8-4b2b-ae21-363e5a3a3801,182f8371-048a-4f6e-b95d-149f368c3c44,0,2,2026-04-14 00:51:56.113606+00
599346f5-06fe-41b8-aca3-ee49ae8ce1d0,28c25bca-56fb-487b-b335-f02e00863c6b,857f0ddb-bbf7-490f-89e7-c393913d1937,1,6,2025-08-26 00:30:53.12888+00
59d1bc94-aaaf-40cf-a332-4e4fcb198b18,7f04d06c-ca42-403e-8bc7-194f0a0c631a,78c6e1c2-6f06-4cf7-8a82-54f62c0e9504,0,5,2025-12-01 00:26:08.076072+00
59d45f87-a851-4e89-88a4-c9904ddfbd7f,83060e08-aa40-4cdb-b07e-9690e6ec77c9,3d18f1c8-de23-4c6d-b843-8241da5d994e,0,4,2026-04-20 23:41:11.10958+00
5a430d56-5225-4adb-8cdc-a452e6ebabed,28da2862-f00a-44dd-8ab5-a48849d53245,584d969b-f2c5-4e89-a226-9d5d47bebe23,1,7,2025-11-04 02:39:26.20676+00
5ab14227-d573-4f60-85c3-b58edb9ce03e,39344544-7804-4c1d-a17b-a1aff7a7f869,7151cae2-f54e-4f88-9e6a-8ab7fe755160,3,16,2025-11-10 03:54:43.745207+00
5aef0189-7874-4672-9d17-fec06c7d7bc1,3d3498a4-2cb9-46cc-a1c2-2cb731ca4d02,f9aa08c8-da66-4064-a39a-3225dadaa1d0,0,3,2026-02-08 20:06:14.425546+00
5b5845ad-47df-4679-9263-f45d6287daaf,7be0759a-59c6-4da1-be13-e876a9051907,eb3628cb-9a74-4281-bc9f-ebff66ae268e,0,3,2025-10-21 00:14:04.11767+00
5b8b0aaa-3aca-49d5-8708-32004c6f69a9,b8e9c830-4504-4e15-9aba-2cf1e3b2de9d,ceb258ce-454a-4b5f-9321-73fd28390495,0,3,2026-01-05 01:20:32.782065+00
5b9bfa43-9100-463a-80c7-c90e9e4ea719,ef99d1e9-75a3-4c2a-9ab3-48604f86b4fa,298651b6-b5d4-4875-a636-799edae79a84,4,19,2026-02-17 01:04:46.058986+00
5be474d4-192c-4f7d-9cf5-abf622ab19f9,976d2b52-ae86-4db2-a398-bb57fbbaeb87,71913bf1-3c89-4850-a771-b807bac56136,0,1,2026-01-20 01:32:39.849929+00
5c0202fe-3bca-4923-90c7-81d294a7ef0c,7be0759a-59c6-4da1-be13-e876a9051907,6bf245f8-9743-4b7b-ab78-dc0cdd591c6c,0,5,2025-10-21 00:14:04.11767+00
5c0240a4-85b7-4e4d-9ba8-fab78fdde6a6,3fbb2bf0-cef3-48b2-9d04-ecba8bd4165b,c4d0c372-0a8c-445d-9994-fe871e8eb544,0,2,2025-09-30 00:21:43.959007+00
5c70d58d-6d91-45aa-ab24-bbf6e86a5701,3ea490f3-3471-4c91-b539-2dde6cbff1da,e2ffaf02-f17f-4be3-b3ee-651d39315af1,1,7,2026-03-02 04:46:03.347595+00
5c728587-decd-4ec2-8575-fcdbc3ed0c6c,3ea490f3-3471-4c91-b539-2dde6cbff1da,eff7bddc-a865-47c4-95fb-fe4116d8c288,1,9,2026-03-02 04:46:03.347595+00
5d5ac0cf-68c4-46d5-a5b4-cca228c10834,f71b04ba-1da6-4037-bec6-7cdcab0fa7f3,25472e3e-4928-440c-84a8-ed85a6e4cf34,0,2,2026-05-05 01:29:16.763626+00
5d6afa79-9eeb-4241-a76f-459353bfd140,28c25bca-56fb-487b-b335-f02e00863c6b,46a30c5e-11ff-4c44-aa31-29a606850f82,0,5,2025-08-26 00:30:53.12888+00
5d6cd5bb-5366-41ff-bd7d-2269c449014c,b8e9c830-4504-4e15-9aba-2cf1e3b2de9d,c8b7ea0d-f644-44ff-b89b-a0e352ff3cec,2,11,2026-01-05 01:20:32.782065+00
5d779c5c-3b22-4dcf-a284-eb52bc2e3041,3715512f-bc25-48aa-a319-f9b2ffc2fb15,c4d0c372-0a8c-445d-9994-fe871e8eb544,3,10,2025-10-27 01:59:34.334362+00
5d9e412b-a13b-4aa9-8702-9c481bb58b2b,6321df99-8fc5-4465-a345-4e85e454e8cc,a98cac4a-9401-4a97-b8e6-93a7caee47e9,3,11,2025-09-22 12:27:57.199993+00
5d9e4688-6ee8-4b16-82ae-b0c9501c159a,435af285-efb9-47f0-a3b5-aa47b7b78b56,a98cac4a-9401-4a97-b8e6-93a7caee47e9,3,11,2025-11-25 02:24:54.186745+00
5de18cdd-2862-46ec-85f0-d0067c4796b0,ef99d1e9-75a3-4c2a-9ab3-48604f86b4fa,49f48e02-6af0-4107-8f27-29f67efc4c3a,0,7,2026-02-17 01:04:46.058986+00
5e5f631f-5af9-4c2f-8af5-17d00cee63ec,ef99d1e9-75a3-4c2a-9ab3-48604f86b4fa,b782ca87-97a5-4e94-96b3-fda9d7a93d5d,1,11,2026-02-17 01:04:46.058986+00
5e73c99d-db1e-49c6-bf0f-68d9832bf8b3,83060e08-aa40-4cdb-b07e-9690e6ec77c9,7151cae2-f54e-4f88-9e6a-8ab7fe755160,1,8,2026-04-20 23:41:11.10958+00
5e8e7be9-9bf3-4831-9fe9-57e6a90ec93d,b8e9c830-4504-4e15-9aba-2cf1e3b2de9d,66022633-1ced-4920-a431-b74b54e98345,1,8,2026-01-05 01:20:32.782065+00
5ef49e83-de8b-4ccc-b80a-ee234b81063b,3ea490f3-3471-4c91-b539-2dde6cbff1da,c8b7ea0d-f644-44ff-b89b-a0e352ff3cec,1,8,2026-03-02 04:46:03.347595+00
5f118706-c144-4384-8a8a-34cfbe6776bb,d6d48c4a-c6a6-4149-a03a-6a45d592346a,6bf245f8-9743-4b7b-ab78-dc0cdd591c6c,1,6,2026-04-06 02:24:09.814086+00
5f567c17-456f-41ca-8b2f-230432213ebe,284571ab-f355-476f-841c-8d84cf3fc188,8ed10184-c01b-4913-be71-bf7b48b8163a,0,5,2025-09-15 00:20:33.877931+00
5f6a2e6d-0829-47de-abda-f6f3d2cd3418,3715512f-bc25-48aa-a319-f9b2ffc2fb15,857f0ddb-bbf7-490f-89e7-c393913d1937,0,7,2025-10-27 01:59:34.334362+00
5f8498ec-41ba-467a-8932-87ddae8d5e6a,3ea490f3-3471-4c91-b539-2dde6cbff1da,25472e3e-4928-440c-84a8-ed85a6e4cf34,0,1,2026-03-02 04:46:03.347595+00
5fc35c79-a426-4833-8df1-8438fbb32a1c,b0768a69-dec7-4af7-b170-19230fdc82ab,9a205562-9e06-49d8-865b-a0dfb3de0b20,1,5,2026-01-27 00:50:39.268387+00
5ff2aa53-e13c-4d21-92a9-d44db75f41ce,12df5536-e3fd-44e8-a289-169153a0f1df,78c6e1c2-6f06-4cf7-8a82-54f62c0e9504,0,5,2026-02-23 22:30:35.650949+00
60506367-5e2f-4ba3-9c4c-20cd2d7c7451,28da2862-f00a-44dd-8ab5-a48849d53245,182f8371-048a-4f6e-b95d-149f368c3c44,1,11,2025-11-04 02:39:26.20676+00
6061bf1b-d195-40cd-af1c-25915e9bb365,12df5536-e3fd-44e8-a289-169153a0f1df,6bf245f8-9743-4b7b-ab78-dc0cdd591c6c,0,5,2026-02-23 22:30:35.650949+00
60ae7027-a3c0-4bab-af5c-3f6c8bac1d55,28da2862-f00a-44dd-8ab5-a48849d53245,b782ca87-97a5-4e94-96b3-fda9d7a93d5d,0,4,2025-11-04 02:39:26.20676+00
60d3645b-1ad9-4d63-8997-5293ef790ecd,d8d2e264-f062-4c84-bc77-cf67da4c3bf5,eb3628cb-9a74-4281-bc9f-ebff66ae268e,0,2,2025-09-01 12:27:12.189666+00
60eab6f4-0659-498c-8011-c7d7e696385d,6321df99-8fc5-4465-a345-4e85e454e8cc,71913bf1-3c89-4850-a771-b807bac56136,0,4,2025-09-22 12:27:57.199993+00
61189c3b-2703-452a-b36f-a81484511546,3fbb2bf0-cef3-48b2-9d04-ecba8bd4165b,f9aa08c8-da66-4064-a39a-3225dadaa1d0,1,6,2025-09-30 00:21:43.959007+00
61687fe0-455d-42a4-b29b-b9ac525091dc,976d2b52-ae86-4db2-a398-bb57fbbaeb87,eff7bddc-a865-47c4-95fb-fe4116d8c288,0,0,2026-01-20 01:32:39.849929+00
61a92830-6e40-422d-a1ff-f646c57ff2d0,7d6130ac-980a-4352-8ec0-29a06643525e,e28417e9-f154-4f39-bf0d-86cb6a1abc32,1,7,2026-01-12 01:11:49.843879+00
623a9662-2a35-4214-9c19-950254cb78c7,d77ab4fc-0b5e-46dc-8403-2c02eb802dd6,25472e3e-4928-440c-84a8-ed85a6e4cf34,1,8,2025-10-05 23:57:44.019951+00
627bb829-8473-410e-a4fb-769d1102a0e5,37bc4415-6386-4c1c-9a8b-453802fa72e1,71913bf1-3c89-4850-a771-b807bac56136,3,10,2025-12-29 01:10:50.647344+00
62a837cb-209d-4973-a145-d0bf16fee9ec,b8e9c830-4504-4e15-9aba-2cf1e3b2de9d,3d18f1c8-de23-4c6d-b843-8241da5d994e,1,6,2026-01-05 01:20:32.782065+00
6314a457-dec9-47ce-b0d3-22f78db98099,5e429b8e-0feb-41e8-a512-cd6ae112b657,abe5e91c-2516-47f8-98a7-2b1e70ab13b1,1,7,2026-03-23 01:11:21.652233+00
63356d6f-dce1-41b9-b49b-d5b78c952a63,37bc4415-6386-4c1c-9a8b-453802fa72e1,49f48e02-6af0-4107-8f27-29f67efc4c3a,0,5,2025-12-29 01:10:50.647344+00
633a6b0d-2faf-4e89-97a3-c293bc915ebd,7577e1cd-1ba9-4266-acbc-d2d0027002a7,3d18f1c8-de23-4c6d-b843-8241da5d994e,3,13,2026-02-03 01:52:01.382171+00
6347a205-ef1b-4a13-a90d-21afaa03087d,39344544-7804-4c1d-a17b-a1aff7a7f869,3d18f1c8-de23-4c6d-b843-8241da5d994e,0,6,2025-11-10 03:54:43.745207+00
638a7134-c533-4428-9392-04bebf63629e,3fbb2bf0-cef3-48b2-9d04-ecba8bd4165b,182f8371-048a-4f6e-b95d-149f368c3c44,1,8,2025-09-30 00:21:43.959007+00
63974e3f-d9f4-44fe-a21e-2d52c2ed76d1,3715512f-bc25-48aa-a319-f9b2ffc2fb15,95f43b8d-de0d-4dd2-a9bb-0cdfe02e247a,1,6,2025-10-27 01:59:34.334362+00
639d2ee5-f877-453c-b319-d38891d73943,d77ab4fc-0b5e-46dc-8403-2c02eb802dd6,f9aa08c8-da66-4064-a39a-3225dadaa1d0,2,11,2025-10-05 23:57:44.019951+00
641574df-7496-4c27-abfc-ce634f8daabe,3d3498a4-2cb9-46cc-a1c2-2cb731ca4d02,a98cac4a-9401-4a97-b8e6-93a7caee47e9,0,4,2026-02-08 20:06:14.425546+00
641f09e7-10ac-4272-ad83-aa3f94e9c95a,f71b04ba-1da6-4037-bec6-7cdcab0fa7f3,857f0ddb-bbf7-490f-89e7-c393913d1937,0,2,2026-05-05 01:29:16.763626+00
649469e3-f051-47f1-90dd-c56c5b26c38a,b8e9c830-4504-4e15-9aba-2cf1e3b2de9d,eff7bddc-a865-47c4-95fb-fe4116d8c288,2,10,2026-01-05 01:20:32.782065+00
651d23d4-e48a-48c6-b121-b15f0c7b80f9,d8d2e264-f062-4c84-bc77-cf67da4c3bf5,71913bf1-3c89-4850-a771-b807bac56136,0,5,2025-09-01 12:27:12.189666+00
653df1a6-643e-43ed-833a-ece07edb6403,284571ab-f355-476f-841c-8d84cf3fc188,46a30c5e-11ff-4c44-aa31-29a606850f82,0,2,2025-09-15 00:20:33.877931+00
65572348-c6af-4cc5-b349-7dad6a0e5421,5e429b8e-0feb-41e8-a512-cd6ae112b657,eb3628cb-9a74-4281-bc9f-ebff66ae268e,1,4,2026-03-23 01:11:21.652233+00
6561c172-f9e2-4f54-a1b6-9736f72fa26d,e4227354-b5dd-4f39-8e72-213393a8c485,584d969b-f2c5-4e89-a226-9d5d47bebe23,3,13,2026-03-10 03:14:51.526527+00
66291e2d-2471-46ee-aec6-08dfcb0d22d4,7d6130ac-980a-4352-8ec0-29a06643525e,6a57188f-50ad-4d66-88e5-64236a293c32,0,6,2026-01-12 01:11:49.843879+00
662e8847-a601-42aa-88fa-0a03b257040d,d8d2e264-f062-4c84-bc77-cf67da4c3bf5,ceb258ce-454a-4b5f-9321-73fd28390495,0,3,2025-09-01 12:27:12.189666+00
664c2cbd-d4d8-4e3a-8893-bdd3addd093e,976d2b52-ae86-4db2-a398-bb57fbbaeb87,49f48e02-6af0-4107-8f27-29f67efc4c3a,1,4,2026-01-20 01:32:39.849929+00
665d5db9-1b25-4e1b-b571-da5f2979c5b1,00c76044-16a0-4acf-a0a5-8de00e9cbc06,4f4c26c5-21c6-4a45-b9ab-141ea2936063,2,10,2025-12-16 01:50:33.561015+00
66c71ebb-b4ea-4350-bdb6-967fdecd70c1,dbca26f6-24f8-4b2b-ae21-363e5a3a3801,f9410110-ec63-4a83-ad54-2b5df48b9140,1,7,2026-04-14 00:51:56.113606+00
670fb8f9-3d16-4b4c-9530-27fe442f1004,28da2862-f00a-44dd-8ab5-a48849d53245,78c6e1c2-6f06-4cf7-8a82-54f62c0e9504,1,10,2025-11-04 02:39:26.20676+00
6771f9e0-a9d7-4644-a3f2-81ec9e7289e7,b8e9c830-4504-4e15-9aba-2cf1e3b2de9d,584d969b-f2c5-4e89-a226-9d5d47bebe23,1,12,2026-01-05 01:20:32.782065+00
6772b79f-4e05-40b1-852a-cc47148d9a8d,3d3498a4-2cb9-46cc-a1c2-2cb731ca4d02,298651b6-b5d4-4875-a636-799edae79a84,1,8,2026-02-08 20:06:14.425546+00
6772cca4-55d9-4e08-91bd-c809ae6aa0c1,976d2b52-ae86-4db2-a398-bb57fbbaeb87,eb3628cb-9a74-4281-bc9f-ebff66ae268e,2,8,2026-01-20 01:32:39.849929+00
677df5b2-84b5-4875-81c0-9931f35bdfc4,f71b04ba-1da6-4037-bec6-7cdcab0fa7f3,49f48e02-6af0-4107-8f27-29f67efc4c3a,1,6,2026-05-05 01:29:16.763626+00
6930fef7-dba7-4bbd-ae1b-0c63ae419703,e4227354-b5dd-4f39-8e72-213393a8c485,298651b6-b5d4-4875-a636-799edae79a84,1,5,2026-03-10 03:14:51.526527+00
6943d62f-ce2a-4f2a-bff7-0687d2692d4b,28c25bca-56fb-487b-b335-f02e00863c6b,c2011527-da58-4568-97f9-ec5c223ead8e,1,6,2025-08-26 00:30:53.12888+00
6a3ab210-e9aa-4ad3-bfe9-734e7bd07507,dbca26f6-24f8-4b2b-ae21-363e5a3a3801,c2011527-da58-4568-97f9-ec5c223ead8e,3,12,2026-04-14 00:51:56.113606+00
6a52e3c3-886d-4ec0-b431-53de48f449b4,13b78ddf-4433-4e30-b3b2-d3295f7086df,6a57188f-50ad-4d66-88e5-64236a293c32,0,5,2026-04-28 00:32:56.868999+00
6a61fd5b-1a69-4aac-a5ba-642f85a491b4,5e429b8e-0feb-41e8-a512-cd6ae112b657,c8b7ea0d-f644-44ff-b89b-a0e352ff3cec,0,2,2026-03-23 01:11:21.652233+00
6ad7d864-9579-4bf6-a71e-ff14dbf7a548,b0768a69-dec7-4af7-b170-19230fdc82ab,f3b179ce-265d-4bf0-8c6c-a641504ea802,1,6,2026-01-27 00:50:39.268387+00
6b02c751-f3bc-4b3c-a74f-31d6fc6c7540,db3a5288-ba3c-4edf-96b7-6d7bc46e834c,c8b7ea0d-f644-44ff-b89b-a0e352ff3cec,1,4,2026-03-17 03:06:23.412534+00
6ba0cd89-27cc-426f-b88d-84d812f5d3e2,dbca26f6-24f8-4b2b-ae21-363e5a3a3801,b782ca87-97a5-4e94-96b3-fda9d7a93d5d,3,12,2026-04-14 00:51:56.113606+00
6bae059a-9029-42e5-8aa2-edae12fd2698,b0768a69-dec7-4af7-b170-19230fdc82ab,6a57188f-50ad-4d66-88e5-64236a293c32,1,6,2026-01-27 00:50:39.268387+00
6bd7bf41-0d7f-47f5-81a7-6228428b975b,284571ab-f355-476f-841c-8d84cf3fc188,857f0ddb-bbf7-490f-89e7-c393913d1937,3,14,2025-09-15 00:20:33.877931+00
6bfe5714-0b3a-421e-b0f5-53a63a539f69,7be0759a-59c6-4da1-be13-e876a9051907,abe5e91c-2516-47f8-98a7-2b1e70ab13b1,0,3,2025-10-21 00:14:04.11767+00
6c39a236-43d6-4b09-b70c-6ed84d7dcc1d,12df5536-e3fd-44e8-a289-169153a0f1df,c2011527-da58-4568-97f9-ec5c223ead8e,0,5,2026-02-23 22:30:35.650949+00
6c922afb-5369-42ee-8a3f-283000d7dbff,976d2b52-ae86-4db2-a398-bb57fbbaeb87,e04c559e-ca37-400e-b70d-64cc03eb3361,1,5,2026-01-20 01:32:39.849929+00
6ca82fcc-ff12-4adf-a431-47ab61c4d0db,3ea490f3-3471-4c91-b539-2dde6cbff1da,c2011527-da58-4568-97f9-ec5c223ead8e,0,1,2026-03-02 04:46:03.347595+00
6cad8e94-aab1-409d-b7ec-56ac1043b3b0,7be0759a-59c6-4da1-be13-e876a9051907,6e5a68ef-c26c-4776-8f8c-7f3c22bc3f06,0,4,2025-10-21 00:14:04.11767+00
6d0b19d2-2f7f-4c27-801b-6cba71caf621,b0768a69-dec7-4af7-b170-19230fdc82ab,e04c559e-ca37-400e-b70d-64cc03eb3361,1,5,2026-01-27 00:50:39.268387+00
6d27b370-980e-402b-8567-85e88597fcf0,d6d48c4a-c6a6-4149-a03a-6a45d592346a,6e5a68ef-c26c-4776-8f8c-7f3c22bc3f06,1,5,2026-04-06 02:24:09.814086+00
6d31de1e-ce38-4b65-b382-ea747e3480fd,3715512f-bc25-48aa-a319-f9b2ffc2fb15,4f4c26c5-21c6-4a45-b9ab-141ea2936063,0,4,2025-10-27 01:59:34.334362+00
6d3d7b74-f9cf-40d6-baf3-71ec3b2d0f78,3ea490f3-3471-4c91-b539-2dde6cbff1da,a98cac4a-9401-4a97-b8e6-93a7caee47e9,2,9,2026-03-02 04:46:03.347595+00
6d422eaa-8ee9-4160-b081-817371b1f5ba,e1083685-268d-4376-bbc8-14fe74194d46,9a205562-9e06-49d8-865b-a0dfb3de0b20,0,4,2025-08-18 23:21:21.195482+00
6d7f4baf-3358-4c25-a183-b16b93759a0a,28c25bca-56fb-487b-b335-f02e00863c6b,c8b7ea0d-f644-44ff-b89b-a0e352ff3cec,1,7,2025-08-26 00:30:53.12888+00
6dc01893-c048-4c19-b9f6-ae66a1427b17,39344544-7804-4c1d-a17b-a1aff7a7f869,ceb258ce-454a-4b5f-9321-73fd28390495,0,4,2025-11-10 03:54:43.745207+00
6e28cbcd-edd2-4c99-8373-fbfb79336741,12df5536-e3fd-44e8-a289-169153a0f1df,c4d0c372-0a8c-445d-9994-fe871e8eb544,1,8,2026-02-23 22:30:35.650949+00
6ed9427a-9d79-43f1-bc66-d235d55f4f14,7577e1cd-1ba9-4266-acbc-d2d0027002a7,95f43b8d-de0d-4dd2-a9bb-0cdfe02e247a,1,6,2026-02-03 01:52:01.382171+00
6f24112f-4c67-4291-802d-284dd938adc1,83060e08-aa40-4cdb-b07e-9690e6ec77c9,e04c559e-ca37-400e-b70d-64cc03eb3361,2,15,2026-04-20 23:41:11.10958+00
6f2b06fe-1dbb-4521-b7e4-c276ffc35982,3d3498a4-2cb9-46cc-a1c2-2cb731ca4d02,f3b179ce-265d-4bf0-8c6c-a641504ea802,3,12,2026-02-08 20:06:14.425546+00
6f7301a3-8402-42a8-ad20-8b0d0076b8b3,ef99d1e9-75a3-4c2a-9ab3-48604f86b4fa,25472e3e-4928-440c-84a8-ed85a6e4cf34,1,4,2026-02-17 01:04:46.058986+00
6f8c8334-4326-45c9-9982-7cae1f4c73df,d77ab4fc-0b5e-46dc-8403-2c02eb802dd6,c8b7ea0d-f644-44ff-b89b-a0e352ff3cec,4,20,2025-10-05 23:57:44.019951+00
6fef7bdb-14d6-44a3-a92e-b21f55db21ba,e4227354-b5dd-4f39-8e72-213393a8c485,f9aa08c8-da66-4064-a39a-3225dadaa1d0,1,7,2026-03-10 03:14:51.526527+00
7017a89a-938c-4375-aad6-7f26261bf6a9,435af285-efb9-47f0-a3b5-aa47b7b78b56,c2011527-da58-4568-97f9-ec5c223ead8e,1,8,2025-11-25 02:24:54.186745+00
701e9d71-1cff-4376-907e-31f6c44d526f,d6d48c4a-c6a6-4149-a03a-6a45d592346a,a98cac4a-9401-4a97-b8e6-93a7caee47e9,1,7,2026-04-06 02:24:09.814086+00
7068f972-4893-4e94-8b93-8f4a93ba3fdc,284571ab-f355-476f-841c-8d84cf3fc188,eff7bddc-a865-47c4-95fb-fe4116d8c288,1,10,2025-09-15 00:20:33.877931+00
708f82ae-be26-4806-a970-d6d707e0a420,12df5536-e3fd-44e8-a289-169153a0f1df,ceb258ce-454a-4b5f-9321-73fd28390495,1,7,2026-02-23 22:30:35.650949+00
712ee6c6-c693-4bf5-a8cf-13486da09ec1,e1083685-268d-4376-bbc8-14fe74194d46,8ed10184-c01b-4913-be71-bf7b48b8163a,0,6,2025-08-18 23:21:21.195482+00
71e9690f-5239-4544-a10a-90262016e6e0,83060e08-aa40-4cdb-b07e-9690e6ec77c9,857f0ddb-bbf7-490f-89e7-c393913d1937,1,7,2026-04-20 23:41:11.10958+00
726d5d0e-0a3f-4229-9092-cc7b53653d71,37bc4415-6386-4c1c-9a8b-453802fa72e1,66022633-1ced-4920-a431-b74b54e98345,1,6,2025-12-29 01:10:50.647344+00
728450f4-2b93-42b5-baa7-3dede839ba81,12df5536-e3fd-44e8-a289-169153a0f1df,71913bf1-3c89-4850-a771-b807bac56136,0,4,2026-02-23 22:30:35.650949+00
72e6c025-fe56-4b98-b9b5-2e6024bf8399,37bc4415-6386-4c1c-9a8b-453802fa72e1,4f4c26c5-21c6-4a45-b9ab-141ea2936063,1,8,2025-12-29 01:10:50.647344+00
72f49f11-01ee-419c-92d9-f48aa7fa82a2,39344544-7804-4c1d-a17b-a1aff7a7f869,95f43b8d-de0d-4dd2-a9bb-0cdfe02e247a,1,10,2025-11-10 03:54:43.745207+00
7306c001-0841-4337-90f7-c78343e9d336,f71b04ba-1da6-4037-bec6-7cdcab0fa7f3,66022633-1ced-4920-a431-b74b54e98345,0,3,2026-05-05 01:29:16.763626+00
737496a2-6e16-4c60-9d09-b4a72e3137a3,284571ab-f355-476f-841c-8d84cf3fc188,7151cae2-f54e-4f88-9e6a-8ab7fe755160,0,3,2025-09-15 00:20:33.877931+00
7399015f-d160-48bc-a993-be243c8f2c59,00c76044-16a0-4acf-a0a5-8de00e9cbc06,9a205562-9e06-49d8-865b-a0dfb3de0b20,1,12,2025-12-16 01:50:33.561015+00
73dd165f-f5d9-4946-a071-0d5801fc7901,e1083685-268d-4376-bbc8-14fe74194d46,3d18f1c8-de23-4c6d-b843-8241da5d994e,1,9,2025-08-18 23:21:21.195482+00
73fab1c8-d894-453f-a5cc-7e7bc9d8845e,7be0759a-59c6-4da1-be13-e876a9051907,46a30c5e-11ff-4c44-aa31-29a606850f82,0,4,2025-10-21 00:14:04.11767+00
742f1426-f60b-46ca-9b22-4fab1dd5559a,3fbb2bf0-cef3-48b2-9d04-ecba8bd4165b,25472e3e-4928-440c-84a8-ed85a6e4cf34,0,3,2025-09-30 00:21:43.959007+00
747efc38-3afc-4ae1-87e7-0414c3d28c68,7be0759a-59c6-4da1-be13-e876a9051907,c4d0c372-0a8c-445d-9994-fe871e8eb544,0,3,2025-10-21 00:14:04.11767+00
74a27d9b-fea7-4665-90ed-f00d0ae7ac05,284571ab-f355-476f-841c-8d84cf3fc188,71913bf1-3c89-4850-a771-b807bac56136,1,7,2025-09-15 00:20:33.877931+00
74c6f99a-b93f-409c-a182-dd9ee29b7ac5,284571ab-f355-476f-841c-8d84cf3fc188,6bf245f8-9743-4b7b-ab78-dc0cdd591c6c,2,11,2025-09-15 00:20:33.877931+00
75250d68-aaaf-409c-a7c8-b5e3ce83732a,83060e08-aa40-4cdb-b07e-9690e6ec77c9,ceb258ce-454a-4b5f-9321-73fd28390495,0,6,2026-04-20 23:41:11.10958+00
7565252c-ac84-4fea-a4a4-c844371beaf1,d7a991ce-94f4-44a6-9e3a-bda9babd7e11,e28417e9-f154-4f39-bf0d-86cb6a1abc32,2,9,2025-12-09 02:15:48.500643+00
75b87433-311d-4cf7-ab8d-f4af01e675b1,634bef0a-8a4f-4bb4-a7cc-79a5ec61e5cb,71913bf1-3c89-4850-a771-b807bac56136,1,9,2025-12-23 02:13:34.5906+00
75ba3684-d7d9-4849-a65f-b4e0caeca97a,d6d48c4a-c6a6-4149-a03a-6a45d592346a,8ed10184-c01b-4913-be71-bf7b48b8163a,0,2,2026-04-06 02:24:09.814086+00
75cc0ce3-5e2d-494d-9bd2-cbb9ff180255,284571ab-f355-476f-841c-8d84cf3fc188,e04c559e-ca37-400e-b70d-64cc03eb3361,1,8,2025-09-15 00:20:33.877931+00
75f32320-9d26-4183-9a42-9717faf19b5d,d6d48c4a-c6a6-4149-a03a-6a45d592346a,298651b6-b5d4-4875-a636-799edae79a84,1,5,2026-04-06 02:24:09.814086+00
7624b09c-9b03-4422-9295-24d0369efcdd,37bc4415-6386-4c1c-9a8b-453802fa72e1,eb3628cb-9a74-4281-bc9f-ebff66ae268e,1,4,2025-12-29 01:10:50.647344+00
768794e5-752d-49a2-b05f-0daf205bb86e,83060e08-aa40-4cdb-b07e-9690e6ec77c9,78c6e1c2-6f06-4cf7-8a82-54f62c0e9504,1,9,2026-04-20 23:41:11.10958+00
76906e2d-e763-462b-b850-b12be82122ef,13b78ddf-4433-4e30-b3b2-d3295f7086df,c8b7ea0d-f644-44ff-b89b-a0e352ff3cec,0,6,2026-04-28 00:32:56.868999+00
76ab9d16-b0c2-4786-a412-fc35b0631acb,976d2b52-ae86-4db2-a398-bb57fbbaeb87,abe5e91c-2516-47f8-98a7-2b1e70ab13b1,1,4,2026-01-20 01:32:39.849929+00
76d0ae7d-448d-4471-b2f5-0200680572d8,7d6130ac-980a-4352-8ec0-29a06643525e,4f4c26c5-21c6-4a45-b9ab-141ea2936063,2,10,2026-01-12 01:11:49.843879+00
76df502f-3eba-4393-9f22-fce5ae067f38,dbca26f6-24f8-4b2b-ae21-363e5a3a3801,6bf245f8-9743-4b7b-ab78-dc0cdd591c6c,3,13,2026-04-14 00:51:56.113606+00
7725ffb8-beaa-4542-bd1f-958a84c144e5,7be0759a-59c6-4da1-be13-e876a9051907,7151cae2-f54e-4f88-9e6a-8ab7fe755160,0,4,2025-10-21 00:14:04.11767+00
7762bf36-22ea-407a-9ad3-fd7518c82208,3715512f-bc25-48aa-a319-f9b2ffc2fb15,71913bf1-3c89-4850-a771-b807bac56136,1,8,2025-10-27 01:59:34.334362+00
777aa02a-7c6e-4712-880f-afb43e29a322,d7a991ce-94f4-44a6-9e3a-bda9babd7e11,4f4c26c5-21c6-4a45-b9ab-141ea2936063,0,3,2025-12-09 02:15:48.500643+00
7789d168-1d04-467f-b680-7771d36692e3,dbca26f6-24f8-4b2b-ae21-363e5a3a3801,95f43b8d-de0d-4dd2-a9bb-0cdfe02e247a,0,5,2026-04-14 00:51:56.113606+00
779b6bed-b5de-486f-a9cc-8df44c82e8a0,3715512f-bc25-48aa-a319-f9b2ffc2fb15,f9410110-ec63-4a83-ad54-2b5df48b9140,1,12,2025-10-27 01:59:34.334362+00
77c2dd0a-d576-44ba-8168-6b8fe209360b,3d3498a4-2cb9-46cc-a1c2-2cb731ca4d02,eb3628cb-9a74-4281-bc9f-ebff66ae268e,0,1,2026-02-08 20:06:14.425546+00
77d75685-af6b-4664-bdfb-5ed7d6ddc6bb,d6d48c4a-c6a6-4149-a03a-6a45d592346a,182f8371-048a-4f6e-b95d-149f368c3c44,0,2,2026-04-06 02:24:09.814086+00
77e47ae6-7850-42ab-8569-20aeeb699810,3ea490f3-3471-4c91-b539-2dde6cbff1da,e28417e9-f154-4f39-bf0d-86cb6a1abc32,0,5,2026-03-02 04:46:03.347595+00
77f48464-1357-4d22-b5f9-4b112b75259b,7577e1cd-1ba9-4266-acbc-d2d0027002a7,f9410110-ec63-4a83-ad54-2b5df48b9140,1,8,2026-02-03 01:52:01.382171+00
7886f4ff-8482-44f3-97e6-c7a67b54d8c7,7f04d06c-ca42-403e-8bc7-194f0a0c631a,66022633-1ced-4920-a431-b74b54e98345,0,5,2025-12-01 00:26:08.076072+00
78b3137f-85b9-43c2-99eb-1e7dbb9f26c2,6321df99-8fc5-4465-a345-4e85e454e8cc,25472e3e-4928-440c-84a8-ed85a6e4cf34,1,8,2025-09-22 12:27:57.199993+00
78b4a4e9-7004-4f96-a424-ef0b5466ddca,7577e1cd-1ba9-4266-acbc-d2d0027002a7,e2ffaf02-f17f-4be3-b3ee-651d39315af1,1,7,2026-02-03 01:52:01.382171+00
792ee9f2-43a4-4d4d-87dc-95290423014a,b0768a69-dec7-4af7-b170-19230fdc82ab,f9410110-ec63-4a83-ad54-2b5df48b9140,1,9,2026-01-27 00:50:39.268387+00
793f9650-6070-4f13-a846-7b9f9293d866,00c76044-16a0-4acf-a0a5-8de00e9cbc06,95f43b8d-de0d-4dd2-a9bb-0cdfe02e247a,1,6,2025-12-16 01:50:33.561015+00
7958eca0-6234-4d5a-b6e9-8b793135661b,3fbb2bf0-cef3-48b2-9d04-ecba8bd4165b,b782ca87-97a5-4e94-96b3-fda9d7a93d5d,0,5,2025-09-30 00:21:43.959007+00
795c171b-7cd7-4c33-b369-a636dd77522e,e4227354-b5dd-4f39-8e72-213393a8c485,3d18f1c8-de23-4c6d-b843-8241da5d994e,1,9,2026-03-10 03:14:51.526527+00
795c193e-c709-4d4b-b1d4-b6e616c0d52f,db3a5288-ba3c-4edf-96b7-6d7bc46e834c,182f8371-048a-4f6e-b95d-149f368c3c44,0,2,2026-03-17 03:06:23.412534+00
79af9dfc-6cf7-48e1-9ac4-9bf3d0594cfd,7f04d06c-ca42-403e-8bc7-194f0a0c631a,9a205562-9e06-49d8-865b-a0dfb3de0b20,0,4,2025-12-01 00:26:08.076072+00
79b94620-8be9-408e-8e4f-6863c51fc6bb,b8e9c830-4504-4e15-9aba-2cf1e3b2de9d,f9aa08c8-da66-4064-a39a-3225dadaa1d0,0,4,2026-01-05 01:20:32.782065+00
79c134bf-292c-48b1-bb48-b76b704b29d0,b8e9c830-4504-4e15-9aba-2cf1e3b2de9d,9a205562-9e06-49d8-865b-a0dfb3de0b20,1,6,2026-01-05 01:20:32.782065+00
7a1d4dbe-9615-4d5a-b7d0-4c38ef31dd8e,28c25bca-56fb-487b-b335-f02e00863c6b,b782ca87-97a5-4e94-96b3-fda9d7a93d5d,2,10,2025-08-26 00:30:53.12888+00
7a220e44-1d8b-432b-a67d-98b50832af02,5e429b8e-0feb-41e8-a512-cd6ae112b657,6bf245f8-9743-4b7b-ab78-dc0cdd591c6c,2,10,2026-03-23 01:11:21.652233+00
7a384895-81f2-42cb-ab11-5475fa52675e,e4227354-b5dd-4f39-8e72-213393a8c485,9a205562-9e06-49d8-865b-a0dfb3de0b20,0,5,2026-03-10 03:14:51.526527+00
7a41288f-fe5b-4b47-b59a-d3ffa8070615,e1083685-268d-4376-bbc8-14fe74194d46,584d969b-f2c5-4e89-a226-9d5d47bebe23,0,7,2025-08-18 23:21:21.195482+00
7aa2816b-d55c-4d8d-b70a-2035d7570058,d8d2e264-f062-4c84-bc77-cf67da4c3bf5,857f0ddb-bbf7-490f-89e7-c393913d1937,1,6,2025-09-01 12:27:12.189666+00
7ac52cce-a8c0-4fc4-ae40-2c4f9eaa14df,f71b04ba-1da6-4037-bec6-7cdcab0fa7f3,b782ca87-97a5-4e94-96b3-fda9d7a93d5d,1,8,2026-05-05 01:29:16.763626+00
7b24eb61-b96a-4fd2-a838-aa3865f84793,5e429b8e-0feb-41e8-a512-cd6ae112b657,e28417e9-f154-4f39-bf0d-86cb6a1abc32,0,2,2026-03-23 01:11:21.652233+00
7b26a722-ca24-457a-aa42-9be60d9b36c7,b8e9c830-4504-4e15-9aba-2cf1e3b2de9d,c2011527-da58-4568-97f9-ec5c223ead8e,0,2,2026-01-05 01:20:32.782065+00
7b27a446-7d85-4df7-8902-5f69e3b18b55,f71b04ba-1da6-4037-bec6-7cdcab0fa7f3,3d18f1c8-de23-4c6d-b843-8241da5d994e,1,5,2026-05-05 01:29:16.763626+00
7b622734-d3cc-43c9-aa9f-595269a3d2b1,284571ab-f355-476f-841c-8d84cf3fc188,f9aa08c8-da66-4064-a39a-3225dadaa1d0,0,8,2025-09-15 00:20:33.877931+00
7bd05af7-d483-4ad0-be8b-251a11820683,28c25bca-56fb-487b-b335-f02e00863c6b,298651b6-b5d4-4875-a636-799edae79a84,1,7,2025-08-26 00:30:53.12888+00
7be53d11-ace4-4bc7-8a85-b2251c05881a,284571ab-f355-476f-841c-8d84cf3fc188,78c6e1c2-6f06-4cf7-8a82-54f62c0e9504,1,8,2025-09-15 00:20:33.877931+00
7c0e91b1-1b7b-42b3-8d74-5134f01c3a65,d7a991ce-94f4-44a6-9e3a-bda9babd7e11,182f8371-048a-4f6e-b95d-149f368c3c44,1,6,2025-12-09 02:15:48.500643+00
7c187e36-aeac-46d1-9fa7-aa73b80dc99a,e4227354-b5dd-4f39-8e72-213393a8c485,71913bf1-3c89-4850-a771-b807bac56136,2,13,2026-03-10 03:14:51.526527+00
7c3003f8-dd81-4c96-8436-ce085415afa8,634bef0a-8a4f-4bb4-a7cc-79a5ec61e5cb,eff7bddc-a865-47c4-95fb-fe4116d8c288,1,5,2025-12-23 02:13:34.5906+00
7c839b13-cf0d-4c3d-bbde-20e62f395f66,dbca26f6-24f8-4b2b-ae21-363e5a3a3801,f3b179ce-265d-4bf0-8c6c-a641504ea802,0,4,2026-04-14 00:51:56.113606+00
7cd01ed9-3d8d-431c-82f0-d7e09f36e52e,634bef0a-8a4f-4bb4-a7cc-79a5ec61e5cb,c8b7ea0d-f644-44ff-b89b-a0e352ff3cec,3,12,2025-12-23 02:13:34.5906+00
7cd54ade-1905-42dc-b98d-ac458c31122c,3fbb2bf0-cef3-48b2-9d04-ecba8bd4165b,eff7bddc-a865-47c4-95fb-fe4116d8c288,0,2,2025-09-30 00:21:43.959007+00
7d023d2c-81ae-42cc-b47e-35d7cf7aba30,3fbb2bf0-cef3-48b2-9d04-ecba8bd4165b,4f4c26c5-21c6-4a45-b9ab-141ea2936063,0,3,2025-09-30 00:21:43.959007+00
7d22f01f-dacf-4557-bf33-a51fdbfadd10,7f04d06c-ca42-403e-8bc7-194f0a0c631a,584d969b-f2c5-4e89-a226-9d5d47bebe23,0,3,2025-12-01 00:26:08.076072+00
7d5f13c2-71e6-41a7-8046-f6ed5286aaf6,37bc4415-6386-4c1c-9a8b-453802fa72e1,b782ca87-97a5-4e94-96b3-fda9d7a93d5d,0,3,2025-12-29 01:10:50.647344+00
7d90c19a-5a26-4628-857a-a0ce1e9f6ba7,f71b04ba-1da6-4037-bec6-7cdcab0fa7f3,ceb258ce-454a-4b5f-9321-73fd28390495,0,4,2026-05-05 01:29:16.763626+00
7dd0cd0c-1f61-46bd-8655-7b0a26292ea3,13b78ddf-4433-4e30-b3b2-d3295f7086df,46a30c5e-11ff-4c44-aa31-29a606850f82,1,8,2026-04-28 00:32:56.868999+00
7de7655d-e762-4f34-a10a-0edfaff4bcb8,ef99d1e9-75a3-4c2a-9ab3-48604f86b4fa,c8b7ea0d-f644-44ff-b89b-a0e352ff3cec,1,9,2026-02-17 01:04:46.058986+00
7e377fe2-af5a-496f-bb99-f57222ea12a0,7f04d06c-ca42-403e-8bc7-194f0a0c631a,6bf245f8-9743-4b7b-ab78-dc0cdd591c6c,0,4,2025-12-01 00:26:08.076072+00
7e5acae7-a399-48bd-8d4d-8a60eaa5ebdd,d6d48c4a-c6a6-4149-a03a-6a45d592346a,584d969b-f2c5-4e89-a226-9d5d47bebe23,0,3,2026-04-06 02:24:09.814086+00
7ebc3124-c4d9-47ea-89a6-381311c738fd,3715512f-bc25-48aa-a319-f9b2ffc2fb15,e04c559e-ca37-400e-b70d-64cc03eb3361,0,5,2025-10-27 01:59:34.334362+00
7eeb0aef-c11a-45c1-83e7-278c5a94e03c,3d3498a4-2cb9-46cc-a1c2-2cb731ca4d02,71913bf1-3c89-4850-a771-b807bac56136,0,5,2026-02-08 20:06:14.425546+00
7f2286dd-3e3d-4801-8f2f-c13646b6650f,7be0759a-59c6-4da1-be13-e876a9051907,c8b7ea0d-f644-44ff-b89b-a0e352ff3cec,1,7,2025-10-21 00:14:04.11767+00
7f482835-37c3-4a38-9ee5-4eccac5809d7,634bef0a-8a4f-4bb4-a7cc-79a5ec61e5cb,f9410110-ec63-4a83-ad54-2b5df48b9140,1,6,2025-12-23 02:13:34.5906+00
7fa09e0f-5408-44d6-a515-970c540108da,e1083685-268d-4376-bbc8-14fe74194d46,a98cac4a-9401-4a97-b8e6-93a7caee47e9,2,15,2025-08-18 23:21:21.195482+00
7fbc40e0-9a4c-49d8-9c93-c2392eb8b46d,3715512f-bc25-48aa-a319-f9b2ffc2fb15,8ed10184-c01b-4913-be71-bf7b48b8163a,0,3,2025-10-27 01:59:34.334362+00
7fc79f6a-171e-4954-9d90-4d3283da9947,13b78ddf-4433-4e30-b3b2-d3295f7086df,c2011527-da58-4568-97f9-ec5c223ead8e,0,0,2026-04-28 00:32:56.868999+00
7fd9782f-1426-4051-8256-c536246d11e9,3fbb2bf0-cef3-48b2-9d04-ecba8bd4165b,a98cac4a-9401-4a97-b8e6-93a7caee47e9,1,4,2025-09-30 00:21:43.959007+00
800789ec-cc2b-48db-8d6f-c4a87174c6a0,3d3498a4-2cb9-46cc-a1c2-2cb731ca4d02,8ed10184-c01b-4913-be71-bf7b48b8163a,1,6,2026-02-08 20:06:14.425546+00
80c83967-978f-43cc-80d7-410acc60cbb1,12df5536-e3fd-44e8-a289-169153a0f1df,25472e3e-4928-440c-84a8-ed85a6e4cf34,1,5,2026-02-23 22:30:35.650949+00
80d29894-e5ba-476a-b9c6-7c5cc5446a52,ef99d1e9-75a3-4c2a-9ab3-48604f86b4fa,c2011527-da58-4568-97f9-ec5c223ead8e,1,8,2026-02-17 01:04:46.058986+00
81071925-718e-40bb-80d6-733bac9507dd,db3a5288-ba3c-4edf-96b7-6d7bc46e834c,46a30c5e-11ff-4c44-aa31-29a606850f82,1,6,2026-03-17 03:06:23.412534+00
8116bbb4-c30b-449d-8304-0707060a6354,7577e1cd-1ba9-4266-acbc-d2d0027002a7,71913bf1-3c89-4850-a771-b807bac56136,2,12,2026-02-03 01:52:01.382171+00
814d4a45-4587-4f34-903b-b84396c0ab58,7be0759a-59c6-4da1-be13-e876a9051907,eff7bddc-a865-47c4-95fb-fe4116d8c288,1,9,2025-10-21 00:14:04.11767+00
818ca554-d743-42d6-badc-e1e80d3b7724,28c25bca-56fb-487b-b335-f02e00863c6b,f9410110-ec63-4a83-ad54-2b5df48b9140,0,4,2025-08-26 00:30:53.12888+00
8192fb37-9304-4ef1-a3e4-9edc968891c3,3ea490f3-3471-4c91-b539-2dde6cbff1da,3d18f1c8-de23-4c6d-b843-8241da5d994e,3,12,2026-03-02 04:46:03.347595+00
81f266b2-94b4-46f0-a0c1-5cbafb3cab67,d8d2e264-f062-4c84-bc77-cf67da4c3bf5,6e5a68ef-c26c-4776-8f8c-7f3c22bc3f06,1,3,2025-09-01 12:27:12.189666+00
822631b5-a658-410b-86f5-64487e825512,3fbb2bf0-cef3-48b2-9d04-ecba8bd4165b,ceb258ce-454a-4b5f-9321-73fd28390495,1,4,2025-09-30 00:21:43.959007+00
829e1170-e7eb-4559-9db5-5e133b33ef33,284571ab-f355-476f-841c-8d84cf3fc188,182f8371-048a-4f6e-b95d-149f368c3c44,1,6,2025-09-15 00:20:33.877931+00
82ad5320-6bfe-4f28-b28b-df35dcd0c514,d7a991ce-94f4-44a6-9e3a-bda9babd7e11,6a57188f-50ad-4d66-88e5-64236a293c32,0,5,2025-12-09 02:15:48.500643+00
82c688f6-0fbf-449c-86e2-8d6283fc03c6,28da2862-f00a-44dd-8ab5-a48849d53245,6a57188f-50ad-4d66-88e5-64236a293c32,3,14,2025-11-04 02:39:26.20676+00
82fbdcb0-55d3-4c40-ae2c-348bac47a628,d77ab4fc-0b5e-46dc-8403-2c02eb802dd6,298651b6-b5d4-4875-a636-799edae79a84,0,6,2025-10-05 23:57:44.019951+00
8310180a-f072-4795-abb4-69bb76a1384e,5e429b8e-0feb-41e8-a512-cd6ae112b657,25472e3e-4928-440c-84a8-ed85a6e4cf34,1,4,2026-03-23 01:11:21.652233+00
83759fdf-989b-4ece-9e51-922edfd208cc,f71b04ba-1da6-4037-bec6-7cdcab0fa7f3,e04c559e-ca37-400e-b70d-64cc03eb3361,1,9,2026-05-05 01:29:16.763626+00
8408ed04-2b2c-4f23-980e-2810aaebc1e1,28da2862-f00a-44dd-8ab5-a48849d53245,3d18f1c8-de23-4c6d-b843-8241da5d994e,2,13,2025-11-04 02:39:26.20676+00
846e1b40-241d-441e-bb58-ab06ecb74797,435af285-efb9-47f0-a3b5-aa47b7b78b56,6bf245f8-9743-4b7b-ab78-dc0cdd591c6c,1,7,2025-11-25 02:24:54.186745+00
8473e78b-3bcd-4844-91dc-a595c928c8cf,3d3498a4-2cb9-46cc-a1c2-2cb731ca4d02,9a205562-9e06-49d8-865b-a0dfb3de0b20,3,17,2026-02-08 20:06:14.425546+00
84dd721b-7034-41d0-a00b-007f321b3971,37bc4415-6386-4c1c-9a8b-453802fa72e1,6a57188f-50ad-4d66-88e5-64236a293c32,0,6,2025-12-29 01:10:50.647344+00
85372ca3-9b38-4803-bbdb-be8d14933e1a,d6d48c4a-c6a6-4149-a03a-6a45d592346a,66022633-1ced-4920-a431-b74b54e98345,0,3,2026-04-06 02:24:09.814086+00
86014850-f19a-425e-8059-b77328ffde80,7be0759a-59c6-4da1-be13-e876a9051907,e04c559e-ca37-400e-b70d-64cc03eb3361,2,9,2025-10-21 00:14:04.11767+00
861bb224-e8c7-40a8-9950-8c576af215b0,e1083685-268d-4376-bbc8-14fe74194d46,abe5e91c-2516-47f8-98a7-2b1e70ab13b1,0,3,2025-08-18 23:21:21.195482+00
8635f38d-55ac-45e2-90e0-b0ba050bdcf7,284571ab-f355-476f-841c-8d84cf3fc188,eb3628cb-9a74-4281-bc9f-ebff66ae268e,1,11,2025-09-15 00:20:33.877931+00
86461ec3-d7e4-4cd7-a39b-964387ba4b29,83060e08-aa40-4cdb-b07e-9690e6ec77c9,182f8371-048a-4f6e-b95d-149f368c3c44,2,11,2026-04-20 23:41:11.10958+00
8661f706-187d-46d1-8f6f-185a82355c86,284571ab-f355-476f-841c-8d84cf3fc188,b782ca87-97a5-4e94-96b3-fda9d7a93d5d,1,9,2025-09-15 00:20:33.877931+00
86992ca3-f0a3-4c85-9599-2683b65aac95,3715512f-bc25-48aa-a319-f9b2ffc2fb15,49f48e02-6af0-4107-8f27-29f67efc4c3a,1,5,2025-10-27 01:59:34.334362+00
877bec60-b6f3-4b15-90d0-f51e5e257f29,28da2862-f00a-44dd-8ab5-a48849d53245,e2ffaf02-f17f-4be3-b3ee-651d39315af1,2,12,2025-11-04 02:39:26.20676+00
87be29dc-7ad8-411b-aa7c-515b9189309b,435af285-efb9-47f0-a3b5-aa47b7b78b56,f9aa08c8-da66-4064-a39a-3225dadaa1d0,0,4,2025-11-25 02:24:54.186745+00
88057191-52b5-41da-9bf5-0ced21975690,b8e9c830-4504-4e15-9aba-2cf1e3b2de9d,182f8371-048a-4f6e-b95d-149f368c3c44,1,5,2026-01-05 01:20:32.782065+00
882875b9-cb4c-4272-8d0d-9503a7a6b80c,f71b04ba-1da6-4037-bec6-7cdcab0fa7f3,78c6e1c2-6f06-4cf7-8a82-54f62c0e9504,1,8,2026-05-05 01:29:16.763626+00
8832f468-cfc0-4ab9-a1e0-f145645cad0b,7d6130ac-980a-4352-8ec0-29a06643525e,eff7bddc-a865-47c4-95fb-fe4116d8c288,1,7,2026-01-12 01:11:49.843879+00
883c5870-24dd-40c3-98a0-ebb665bfb42c,e4227354-b5dd-4f39-8e72-213393a8c485,46a30c5e-11ff-4c44-aa31-29a606850f82,2,14,2026-03-10 03:14:51.526527+00
8843d469-3fe4-41aa-9c0e-9570cacd1143,e4227354-b5dd-4f39-8e72-213393a8c485,49f48e02-6af0-4107-8f27-29f67efc4c3a,1,8,2026-03-10 03:14:51.526527+00
888782a3-d8ae-4975-af51-70f095a12182,7f04d06c-ca42-403e-8bc7-194f0a0c631a,eff7bddc-a865-47c4-95fb-fe4116d8c288,0,4,2025-12-01 00:26:08.076072+00
889dc8e1-9c98-489d-a970-68b29c7ad579,b8e9c830-4504-4e15-9aba-2cf1e3b2de9d,95f43b8d-de0d-4dd2-a9bb-0cdfe02e247a,0,5,2026-01-05 01:20:32.782065+00
88a06a24-dcb0-4a95-9a34-9bbdb576ecbd,d77ab4fc-0b5e-46dc-8403-2c02eb802dd6,584d969b-f2c5-4e89-a226-9d5d47bebe23,1,8,2025-10-05 23:57:44.019951+00
88a5ae10-effd-41b2-a80d-6dca71c40d2d,d77ab4fc-0b5e-46dc-8403-2c02eb802dd6,4f4c26c5-21c6-4a45-b9ab-141ea2936063,4,17,2025-10-05 23:57:44.019951+00
88e68d3f-6bc5-49d0-a73a-de874d6d60fd,28c25bca-56fb-487b-b335-f02e00863c6b,78c6e1c2-6f06-4cf7-8a82-54f62c0e9504,1,10,2025-08-26 00:30:53.12888+00
88ea30b2-6e55-4bba-bf0b-3f88860c0185,634bef0a-8a4f-4bb4-a7cc-79a5ec61e5cb,e04c559e-ca37-400e-b70d-64cc03eb3361,2,10,2025-12-23 02:13:34.5906+00
8916b54e-1200-4aaa-bf48-4af053cb66f0,e1083685-268d-4376-bbc8-14fe74194d46,e04c559e-ca37-400e-b70d-64cc03eb3361,0,5,2025-08-18 23:21:21.195482+00
89a7d65f-21a6-40de-b3df-748a86d20929,634bef0a-8a4f-4bb4-a7cc-79a5ec61e5cb,c2011527-da58-4568-97f9-ec5c223ead8e,1,7,2025-12-23 02:13:34.5906+00
89c66871-d6a1-4336-91b6-0253c8f71a8d,7d6130ac-980a-4352-8ec0-29a06643525e,95f43b8d-de0d-4dd2-a9bb-0cdfe02e247a,2,9,2026-01-12 01:11:49.843879+00
89e13107-b67c-49b7-a1e2-32d6e4a6c9d7,3715512f-bc25-48aa-a319-f9b2ffc2fb15,584d969b-f2c5-4e89-a226-9d5d47bebe23,2,8,2025-10-27 01:59:34.334362+00
89f2777e-baba-4cfc-a591-eeb7aa1495ba,976d2b52-ae86-4db2-a398-bb57fbbaeb87,3d18f1c8-de23-4c6d-b843-8241da5d994e,1,4,2026-01-20 01:32:39.849929+00
89ff1b1c-7adc-4749-9902-992ea2516c93,ef99d1e9-75a3-4c2a-9ab3-48604f86b4fa,e28417e9-f154-4f39-bf0d-86cb6a1abc32,0,7,2026-02-17 01:04:46.058986+00
8a57b0cc-f9f2-4922-be70-ec26d36ae4b1,7be0759a-59c6-4da1-be13-e876a9051907,f9410110-ec63-4a83-ad54-2b5df48b9140,0,2,2025-10-21 00:14:04.11767+00
8a6052d8-ceb6-46eb-9bbc-d5fd665df059,b8e9c830-4504-4e15-9aba-2cf1e3b2de9d,6a57188f-50ad-4d66-88e5-64236a293c32,2,9,2026-01-05 01:20:32.782065+00
8a6d8283-05f7-4a62-863b-c5dd2577a458,00c76044-16a0-4acf-a0a5-8de00e9cbc06,7151cae2-f54e-4f88-9e6a-8ab7fe755160,0,4,2025-12-16 01:50:33.561015+00
8a8ae8a6-c355-4c26-9d1a-34ba8fbb8cc8,7be0759a-59c6-4da1-be13-e876a9051907,66022633-1ced-4920-a431-b74b54e98345,1,7,2025-10-21 00:14:04.11767+00
8b1f6e24-3e8f-45f7-ad00-66499707fc9c,3d3498a4-2cb9-46cc-a1c2-2cb731ca4d02,eff7bddc-a865-47c4-95fb-fe4116d8c288,0,3,2026-02-08 20:06:14.425546+00
8b824595-f3ae-4890-ab36-550b0862e9b1,e1083685-268d-4376-bbc8-14fe74194d46,78c6e1c2-6f06-4cf7-8a82-54f62c0e9504,1,7,2025-08-18 23:21:21.195482+00
8b8920b7-0d3d-4079-ae08-5d0734e123a0,7577e1cd-1ba9-4266-acbc-d2d0027002a7,6bf245f8-9743-4b7b-ab78-dc0cdd591c6c,0,4,2026-02-03 01:52:01.382171+00
8b9abab9-0dfd-400c-9b8a-e6e5f6ad2664,12df5536-e3fd-44e8-a289-169153a0f1df,e04c559e-ca37-400e-b70d-64cc03eb3361,0,5,2026-02-23 22:30:35.650949+00
8bb7447e-ba10-446e-bdc7-3e8e0c7fa061,dbca26f6-24f8-4b2b-ae21-363e5a3a3801,25472e3e-4928-440c-84a8-ed85a6e4cf34,0,2,2026-04-14 00:51:56.113606+00
8c0be433-089b-4a6c-9f05-a7c50a39253e,28da2862-f00a-44dd-8ab5-a48849d53245,66022633-1ced-4920-a431-b74b54e98345,0,4,2025-11-04 02:39:26.20676+00
8c0e1b01-e8fa-4de1-803c-c3fca2473864,7f04d06c-ca42-403e-8bc7-194f0a0c631a,71913bf1-3c89-4850-a771-b807bac56136,1,6,2025-12-01 00:26:08.076072+00
8c8c0ef6-d09e-498a-aca2-e7524a22ee69,6321df99-8fc5-4465-a345-4e85e454e8cc,78c6e1c2-6f06-4cf7-8a82-54f62c0e9504,2,8,2025-09-22 12:27:57.199993+00
8c98434e-469f-4442-9c09-ec139cb5316c,7f04d06c-ca42-403e-8bc7-194f0a0c631a,6e5a68ef-c26c-4776-8f8c-7f3c22bc3f06,1,9,2025-12-01 00:26:08.076072+00
8cc8d2c3-2d70-4958-b3c0-04c55bd0d35d,3fbb2bf0-cef3-48b2-9d04-ecba8bd4165b,6e5a68ef-c26c-4776-8f8c-7f3c22bc3f06,1,5,2025-09-30 00:21:43.959007+00
8ccb20ac-b2e4-46c5-a933-befcab4626e5,7577e1cd-1ba9-4266-acbc-d2d0027002a7,182f8371-048a-4f6e-b95d-149f368c3c44,1,6,2026-02-03 01:52:01.382171+00
8cd6307e-ab45-4fc6-8831-d246d6b0ae70,28da2862-f00a-44dd-8ab5-a48849d53245,46a30c5e-11ff-4c44-aa31-29a606850f82,1,6,2025-11-04 02:39:26.20676+00
8d3727ca-1d83-49de-a310-84de03f5228a,d8d2e264-f062-4c84-bc77-cf67da4c3bf5,c4d0c372-0a8c-445d-9994-fe871e8eb544,0,3,2025-09-01 12:27:12.189666+00
8d4f049b-2dbb-498b-b649-f6bb45f70435,d8d2e264-f062-4c84-bc77-cf67da4c3bf5,95f43b8d-de0d-4dd2-a9bb-0cdfe02e247a,1,6,2025-09-01 12:27:12.189666+00
8d73f5ca-5a87-4ad2-a813-6b6b221f27b9,db3a5288-ba3c-4edf-96b7-6d7bc46e834c,6bf245f8-9743-4b7b-ab78-dc0cdd591c6c,1,4,2026-03-17 03:06:23.412534+00
8d9b2d8d-8a5a-4d00-9a56-ca6cb1c50f59,6321df99-8fc5-4465-a345-4e85e454e8cc,49f48e02-6af0-4107-8f27-29f67efc4c3a,1,9,2025-09-22 12:27:57.199993+00
8da150d1-217a-4d02-af13-eb402f2ce1d5,7be0759a-59c6-4da1-be13-e876a9051907,3d18f1c8-de23-4c6d-b843-8241da5d994e,0,4,2025-10-21 00:14:04.11767+00
8ddd9afa-0f36-495e-a4ff-92ec0c91e74d,37bc4415-6386-4c1c-9a8b-453802fa72e1,95f43b8d-de0d-4dd2-a9bb-0cdfe02e247a,0,5,2025-12-29 01:10:50.647344+00
8de9bc67-9dd4-4dcb-83b7-7bfdc3ad7bfb,7be0759a-59c6-4da1-be13-e876a9051907,b782ca87-97a5-4e94-96b3-fda9d7a93d5d,1,8,2025-10-21 00:14:04.11767+00
8e2f7f97-f3b9-4b7c-82ea-81636529becd,5e429b8e-0feb-41e8-a512-cd6ae112b657,c2011527-da58-4568-97f9-ec5c223ead8e,0,3,2026-03-23 01:11:21.652233+00
8e3675e1-493a-48ea-b151-ea0a2c6b847d,00c76044-16a0-4acf-a0a5-8de00e9cbc06,eff7bddc-a865-47c4-95fb-fe4116d8c288,1,8,2025-12-16 01:50:33.561015+00
8e417fc0-9960-4d6f-a98e-10d418c2a392,435af285-efb9-47f0-a3b5-aa47b7b78b56,c4d0c372-0a8c-445d-9994-fe871e8eb544,2,11,2025-11-25 02:24:54.186745+00
8e5c8265-d2c5-4fe2-b7d4-e13ad89662fb,3ea490f3-3471-4c91-b539-2dde6cbff1da,c4d0c372-0a8c-445d-9994-fe871e8eb544,2,11,2026-03-02 04:46:03.347595+00
8e66c492-19ca-4af7-a409-4ba3d134abd2,634bef0a-8a4f-4bb4-a7cc-79a5ec61e5cb,8ed10184-c01b-4913-be71-bf7b48b8163a,1,5,2025-12-23 02:13:34.5906+00
8e7160e0-2716-4d47-958b-d845e17035cf,b0768a69-dec7-4af7-b170-19230fdc82ab,857f0ddb-bbf7-490f-89e7-c393913d1937,0,3,2026-01-27 00:50:39.268387+00
8e8931a1-8975-4a6d-a355-32511cbc1982,3ea490f3-3471-4c91-b539-2dde6cbff1da,78c6e1c2-6f06-4cf7-8a82-54f62c0e9504,1,8,2026-03-02 04:46:03.347595+00
8ed0feed-95e7-43ee-b8d2-19921355d86d,e4227354-b5dd-4f39-8e72-213393a8c485,7151cae2-f54e-4f88-9e6a-8ab7fe755160,2,10,2026-03-10 03:14:51.526527+00
8efabc02-bb01-4e70-9a40-35a85f4892dd,7577e1cd-1ba9-4266-acbc-d2d0027002a7,b782ca87-97a5-4e94-96b3-fda9d7a93d5d,1,7,2026-02-03 01:52:01.382171+00
8f03d32b-6234-4c71-bd80-d722eed5269a,5e429b8e-0feb-41e8-a512-cd6ae112b657,4f4c26c5-21c6-4a45-b9ab-141ea2936063,2,12,2026-03-23 01:11:21.652233+00
8f11d3b7-fa61-44c8-8cfc-f8dbab528463,db3a5288-ba3c-4edf-96b7-6d7bc46e834c,f9410110-ec63-4a83-ad54-2b5df48b9140,2,10,2026-03-17 03:06:23.412534+00
8f9e0338-8887-4fc4-88da-0f8530e373b2,12df5536-e3fd-44e8-a289-169153a0f1df,e28417e9-f154-4f39-bf0d-86cb6a1abc32,0,5,2026-02-23 22:30:35.650949+00
8fc9846a-7cf2-421a-aef1-49fcda94cdae,7d6130ac-980a-4352-8ec0-29a06643525e,f9410110-ec63-4a83-ad54-2b5df48b9140,0,3,2026-01-12 01:11:49.843879+00
901763a6-535f-4ced-b277-fda24b6e6c6e,28da2862-f00a-44dd-8ab5-a48849d53245,9a205562-9e06-49d8-865b-a0dfb3de0b20,1,8,2025-11-04 02:39:26.20676+00
90512650-2217-4b09-8860-bf1266379b58,e4227354-b5dd-4f39-8e72-213393a8c485,eb3628cb-9a74-4281-bc9f-ebff66ae268e,1,5,2026-03-10 03:14:51.526527+00
9064c66e-1c53-4b46-bcba-d0e302f3149a,d8d2e264-f062-4c84-bc77-cf67da4c3bf5,f3b179ce-265d-4bf0-8c6c-a641504ea802,1,7,2025-09-01 12:27:12.189666+00
90665c86-0894-4028-8565-3e601c7349df,7be0759a-59c6-4da1-be13-e876a9051907,e2ffaf02-f17f-4be3-b3ee-651d39315af1,0,4,2025-10-21 00:14:04.11767+00
907c6116-ac6f-4207-8bad-4e3a7b6809a3,13b78ddf-4433-4e30-b3b2-d3295f7086df,66022633-1ced-4920-a431-b74b54e98345,1,9,2026-04-28 00:32:56.868999+00
90a78f89-d590-42ae-b457-afc4113ca81b,e1083685-268d-4376-bbc8-14fe74194d46,49f48e02-6af0-4107-8f27-29f67efc4c3a,0,7,2025-08-18 23:21:21.195482+00
90b6e196-524c-416b-a529-c43c44455259,7577e1cd-1ba9-4266-acbc-d2d0027002a7,c4d0c372-0a8c-445d-9994-fe871e8eb544,0,4,2026-02-03 01:52:01.382171+00
90c9e998-1d1f-4d5d-82c8-cf42fad14f28,28da2862-f00a-44dd-8ab5-a48849d53245,e04c559e-ca37-400e-b70d-64cc03eb3361,0,5,2025-11-04 02:39:26.20676+00
90d3c8c0-ea91-4af3-8e95-5b7357f9a789,28da2862-f00a-44dd-8ab5-a48849d53245,abe5e91c-2516-47f8-98a7-2b1e70ab13b1,2,12,2025-11-04 02:39:26.20676+00
919dcb14-645c-4d34-8feb-fc30631d5fdc,b8e9c830-4504-4e15-9aba-2cf1e3b2de9d,c4d0c372-0a8c-445d-9994-fe871e8eb544,3,12,2026-01-05 01:20:32.782065+00
91c3eb7d-ab4f-440b-afe5-f8fc46eb97ae,f71b04ba-1da6-4037-bec6-7cdcab0fa7f3,584d969b-f2c5-4e89-a226-9d5d47bebe23,1,9,2026-05-05 01:29:16.763626+00
9203703b-265e-4bb6-9537-b69c85d28413,3fbb2bf0-cef3-48b2-9d04-ecba8bd4165b,e28417e9-f154-4f39-bf0d-86cb6a1abc32,1,7,2025-09-30 00:21:43.959007+00
92242cd5-38f4-4599-a6d3-ad1cd55ceedb,e1083685-268d-4376-bbc8-14fe74194d46,b782ca87-97a5-4e94-96b3-fda9d7a93d5d,1,5,2025-08-18 23:21:21.195482+00
9254e88a-f625-431c-b789-70ceda143025,284571ab-f355-476f-841c-8d84cf3fc188,25472e3e-4928-440c-84a8-ed85a6e4cf34,0,6,2025-09-15 00:20:33.877931+00
92bafcc5-f464-4083-a156-0a91d1ab8cfb,dbca26f6-24f8-4b2b-ae21-363e5a3a3801,abe5e91c-2516-47f8-98a7-2b1e70ab13b1,2,10,2026-04-14 00:51:56.113606+00
92f8cce3-6da7-4f1c-b9e2-2f4b6f46bf22,12df5536-e3fd-44e8-a289-169153a0f1df,298651b6-b5d4-4875-a636-799edae79a84,1,8,2026-02-23 22:30:35.650949+00
9307c36b-dc06-4e3e-80d6-2e6fbc7bb633,28da2862-f00a-44dd-8ab5-a48849d53245,25472e3e-4928-440c-84a8-ed85a6e4cf34,1,7,2025-11-04 02:39:26.20676+00
931eb68d-67b9-43d6-8205-e8b11007ae15,b0768a69-dec7-4af7-b170-19230fdc82ab,298651b6-b5d4-4875-a636-799edae79a84,0,2,2026-01-27 00:50:39.268387+00
9363a5b5-eb09-4188-a5e8-db81143c8727,634bef0a-8a4f-4bb4-a7cc-79a5ec61e5cb,95f43b8d-de0d-4dd2-a9bb-0cdfe02e247a,2,11,2025-12-23 02:13:34.5906+00
93d7fb38-94be-4e71-a291-54ba3ba62d6d,f71b04ba-1da6-4037-bec6-7cdcab0fa7f3,a98cac4a-9401-4a97-b8e6-93a7caee47e9,0,4,2026-05-05 01:29:16.763626+00
94374a88-07f0-4c39-b0b9-bd8fd66d7f60,976d2b52-ae86-4db2-a398-bb57fbbaeb87,4f4c26c5-21c6-4a45-b9ab-141ea2936063,1,3,2026-01-20 01:32:39.849929+00
945fcc29-a1ae-4cad-9a22-48e85e6b8e5d,e1083685-268d-4376-bbc8-14fe74194d46,298651b6-b5d4-4875-a636-799edae79a84,2,9,2025-08-18 23:21:21.195482+00
94ac018e-45f9-450e-b9b3-5c1a52aaa375,3715512f-bc25-48aa-a319-f9b2ffc2fb15,7151cae2-f54e-4f88-9e6a-8ab7fe755160,1,7,2025-10-27 01:59:34.334362+00
9524f6eb-1474-47d1-aff1-6ff8d7e6b205,00c76044-16a0-4acf-a0a5-8de00e9cbc06,ceb258ce-454a-4b5f-9321-73fd28390495,0,7,2025-12-16 01:50:33.561015+00
9549f55c-1678-49e5-8ed1-c0a9de0ec4e4,39344544-7804-4c1d-a17b-a1aff7a7f869,584d969b-f2c5-4e89-a226-9d5d47bebe23,1,8,2025-11-10 03:54:43.745207+00
959fac45-56d3-4a2f-8492-c2a07f5f95ef,7f04d06c-ca42-403e-8bc7-194f0a0c631a,49f48e02-6af0-4107-8f27-29f67efc4c3a,0,4,2025-12-01 00:26:08.076072+00
95b81b2b-ee7e-4e37-9889-dc0b6228deb4,d6d48c4a-c6a6-4149-a03a-6a45d592346a,e04c559e-ca37-400e-b70d-64cc03eb3361,2,10,2026-04-06 02:24:09.814086+00
95fa0ef6-7dde-4086-9438-d2b5ca0ebc0a,5e429b8e-0feb-41e8-a512-cd6ae112b657,857f0ddb-bbf7-490f-89e7-c393913d1937,1,7,2026-03-23 01:11:21.652233+00
9611b76c-2f4c-4fc3-bbea-586becfb4a83,db3a5288-ba3c-4edf-96b7-6d7bc46e834c,7151cae2-f54e-4f88-9e6a-8ab7fe755160,1,5,2026-03-17 03:06:23.412534+00
9652c5d3-69ef-4520-a8a6-b761cf563bef,3fbb2bf0-cef3-48b2-9d04-ecba8bd4165b,8ed10184-c01b-4913-be71-bf7b48b8163a,0,3,2025-09-30 00:21:43.959007+00
968c1ff5-cdf4-4b0a-bfbc-200178ef6879,d8d2e264-f062-4c84-bc77-cf67da4c3bf5,a98cac4a-9401-4a97-b8e6-93a7caee47e9,0,3,2025-09-01 12:27:12.189666+00
9733301c-36bf-4592-8ca3-fb8b3719cbb8,83060e08-aa40-4cdb-b07e-9690e6ec77c9,c2011527-da58-4568-97f9-ec5c223ead8e,2,7,2026-04-20 23:41:11.10958+00
97a09b9b-a35c-47a5-8d02-c6e0cf7b6b40,7577e1cd-1ba9-4266-acbc-d2d0027002a7,25472e3e-4928-440c-84a8-ed85a6e4cf34,0,3,2026-02-03 01:52:01.382171+00
97a89dd4-4840-4e12-b30d-09392e13e15a,ef99d1e9-75a3-4c2a-9ab3-48604f86b4fa,6e5a68ef-c26c-4776-8f8c-7f3c22bc3f06,0,7,2026-02-17 01:04:46.058986+00
97d69722-0415-4b7e-b94f-89de9137cccd,37bc4415-6386-4c1c-9a8b-453802fa72e1,298651b6-b5d4-4875-a636-799edae79a84,1,4,2025-12-29 01:10:50.647344+00
983f4e93-d2e1-494c-89f6-94fe42c583f9,3d3498a4-2cb9-46cc-a1c2-2cb731ca4d02,78c6e1c2-6f06-4cf7-8a82-54f62c0e9504,0,6,2026-02-08 20:06:14.425546+00
984596a1-8e52-4c74-8a70-fa2df15b458b,00c76044-16a0-4acf-a0a5-8de00e9cbc06,c2011527-da58-4568-97f9-ec5c223ead8e,1,8,2025-12-16 01:50:33.561015+00
9899a41e-9cee-48e6-b76b-d73ffd4c0563,3fbb2bf0-cef3-48b2-9d04-ecba8bd4165b,abe5e91c-2516-47f8-98a7-2b1e70ab13b1,1,6,2025-09-30 00:21:43.959007+00
98bcc3d3-68ba-4b8d-985a-cf222e5d876d,d77ab4fc-0b5e-46dc-8403-2c02eb802dd6,182f8371-048a-4f6e-b95d-149f368c3c44,3,12,2025-10-05 23:57:44.019951+00
99227eb1-279f-4424-a7bb-869b6fbe439c,3715512f-bc25-48aa-a319-f9b2ffc2fb15,298651b6-b5d4-4875-a636-799edae79a84,0,0,2025-10-27 01:59:34.334362+00
9928f96c-86b4-4c02-9cfa-b9d3b97464c4,284571ab-f355-476f-841c-8d84cf3fc188,e28417e9-f154-4f39-bf0d-86cb6a1abc32,0,5,2025-09-15 00:20:33.877931+00
998ead53-cbf1-41fb-bc18-0a23171b111e,435af285-efb9-47f0-a3b5-aa47b7b78b56,3d18f1c8-de23-4c6d-b843-8241da5d994e,4,14,2025-11-25 02:24:54.186745+00
99c29476-d5f7-4a9c-aa6d-b68749db160b,28c25bca-56fb-487b-b335-f02e00863c6b,c4d0c372-0a8c-445d-9994-fe871e8eb544,0,3,2025-08-26 00:30:53.12888+00
9a206e80-1a90-44d4-944d-f34cbcf9fcdb,7f04d06c-ca42-403e-8bc7-194f0a0c631a,7151cae2-f54e-4f88-9e6a-8ab7fe755160,0,3,2025-12-01 00:26:08.076072+00
9a3113be-181d-409e-b226-1433df783a74,db3a5288-ba3c-4edf-96b7-6d7bc46e834c,e28417e9-f154-4f39-bf0d-86cb6a1abc32,0,3,2026-03-17 03:06:23.412534+00
9a344a8a-2e1a-43ca-9f6b-f7342a1735c8,37bc4415-6386-4c1c-9a8b-453802fa72e1,78c6e1c2-6f06-4cf7-8a82-54f62c0e9504,0,5,2025-12-29 01:10:50.647344+00
9a42b3c6-6097-44e5-b49d-3d9fb8d47dc5,39344544-7804-4c1d-a17b-a1aff7a7f869,b782ca87-97a5-4e94-96b3-fda9d7a93d5d,1,9,2025-11-10 03:54:43.745207+00
9a6069b7-4932-4cd7-92ed-cb9dbabe949e,7577e1cd-1ba9-4266-acbc-d2d0027002a7,66022633-1ced-4920-a431-b74b54e98345,0,2,2026-02-03 01:52:01.382171+00
9a612c02-1152-4bf1-b6a1-866ac5cb092b,83060e08-aa40-4cdb-b07e-9690e6ec77c9,6a57188f-50ad-4d66-88e5-64236a293c32,0,4,2026-04-20 23:41:11.10958+00
9a971929-f4ab-4871-959b-8b4d20566952,435af285-efb9-47f0-a3b5-aa47b7b78b56,e2ffaf02-f17f-4be3-b3ee-651d39315af1,2,11,2025-11-25 02:24:54.186745+00
9aa36a33-1251-46ca-82a9-2565f79aff37,83060e08-aa40-4cdb-b07e-9690e6ec77c9,66022633-1ced-4920-a431-b74b54e98345,1,8,2026-04-20 23:41:11.10958+00
9b02f030-116b-4844-83bc-5ad53132c3f1,db3a5288-ba3c-4edf-96b7-6d7bc46e834c,4f4c26c5-21c6-4a45-b9ab-141ea2936063,0,4,2026-03-17 03:06:23.412534+00
9b4a6ce4-17bd-4b60-90d5-9f0e3041f0e6,13b78ddf-4433-4e30-b3b2-d3295f7086df,7151cae2-f54e-4f88-9e6a-8ab7fe755160,0,4,2026-04-28 00:32:56.868999+00
9b9c09b1-a46a-4cd4-9971-273388f294ba,284571ab-f355-476f-841c-8d84cf3fc188,ceb258ce-454a-4b5f-9321-73fd28390495,0,6,2025-09-15 00:20:33.877931+00
9c539589-340c-48a4-89bd-30b3f40c859e,12df5536-e3fd-44e8-a289-169153a0f1df,49f48e02-6af0-4107-8f27-29f67efc4c3a,0,3,2026-02-23 22:30:35.650949+00
9c6206b7-0464-460d-8211-e8c871cbfccf,5e429b8e-0feb-41e8-a512-cd6ae112b657,f9aa08c8-da66-4064-a39a-3225dadaa1d0,1,4,2026-03-23 01:11:21.652233+00
9c784bd3-e50c-41cf-981c-94a3d948d1d3,b8e9c830-4504-4e15-9aba-2cf1e3b2de9d,71913bf1-3c89-4850-a771-b807bac56136,0,6,2026-01-05 01:20:32.782065+00
9c9d8186-3c70-46fc-9ce2-fca11465ba10,b8e9c830-4504-4e15-9aba-2cf1e3b2de9d,e28417e9-f154-4f39-bf0d-86cb6a1abc32,0,4,2026-01-05 01:20:32.782065+00
9cf9e560-3d2b-4997-8522-0cc079229290,d77ab4fc-0b5e-46dc-8403-2c02eb802dd6,6bf245f8-9743-4b7b-ab78-dc0cdd591c6c,1,7,2025-10-05 23:57:44.019951+00
9d6ef02f-2bdb-4d5c-94d0-ea173897beda,d6d48c4a-c6a6-4149-a03a-6a45d592346a,eb3628cb-9a74-4281-bc9f-ebff66ae268e,1,5,2026-04-06 02:24:09.814086+00
9d8bf5c1-d9b9-4dbe-bbc1-ffa245eac914,3d3498a4-2cb9-46cc-a1c2-2cb731ca4d02,e2ffaf02-f17f-4be3-b3ee-651d39315af1,1,7,2026-02-08 20:06:14.425546+00
9dc168d8-c731-4e05-9716-6ef5d69d7959,e1083685-268d-4376-bbc8-14fe74194d46,f3b179ce-265d-4bf0-8c6c-a641504ea802,1,7,2025-08-18 23:21:21.195482+00
9e05705a-b70b-4396-a1ca-263e31c0e7ea,d77ab4fc-0b5e-46dc-8403-2c02eb802dd6,9a205562-9e06-49d8-865b-a0dfb3de0b20,1,9,2025-10-05 23:57:44.019951+00
9e35f0db-0fad-4289-8c4f-0d74a1528363,28c25bca-56fb-487b-b335-f02e00863c6b,e04c559e-ca37-400e-b70d-64cc03eb3361,0,5,2025-08-26 00:30:53.12888+00
9e3a8e52-b43c-493a-b3f8-5b066b1f0740,6321df99-8fc5-4465-a345-4e85e454e8cc,b782ca87-97a5-4e94-96b3-fda9d7a93d5d,0,3,2025-09-22 12:27:57.199993+00
9e7f9023-500c-4f93-bde4-3a56e2bd9368,976d2b52-ae86-4db2-a398-bb57fbbaeb87,857f0ddb-bbf7-490f-89e7-c393913d1937,0,3,2026-01-20 01:32:39.849929+00
9ec8b070-c95c-4001-ae2f-84ed41ef464e,28c25bca-56fb-487b-b335-f02e00863c6b,9a205562-9e06-49d8-865b-a0dfb3de0b20,0,5,2025-08-26 00:30:53.12888+00
9ef3b1c4-cb67-4331-bed5-c99f60d6b583,00c76044-16a0-4acf-a0a5-8de00e9cbc06,584d969b-f2c5-4e89-a226-9d5d47bebe23,0,5,2025-12-16 01:50:33.561015+00
9efd57c3-0bbb-4036-a3fe-ee1f92920764,d77ab4fc-0b5e-46dc-8403-2c02eb802dd6,f3b179ce-265d-4bf0-8c6c-a641504ea802,1,7,2025-10-05 23:57:44.019951+00
9f38c516-29a6-40e6-b80f-dd2624b26ab0,12df5536-e3fd-44e8-a289-169153a0f1df,eb3628cb-9a74-4281-bc9f-ebff66ae268e,1,5,2026-02-23 22:30:35.650949+00
9f68515d-082d-44f4-b758-2ace8e7fb0ec,ef99d1e9-75a3-4c2a-9ab3-48604f86b4fa,abe5e91c-2516-47f8-98a7-2b1e70ab13b1,1,10,2026-02-17 01:04:46.058986+00
9fa6fc16-1838-4426-bedb-52369ad76006,e4227354-b5dd-4f39-8e72-213393a8c485,a98cac4a-9401-4a97-b8e6-93a7caee47e9,1,10,2026-03-10 03:14:51.526527+00
a084843c-1634-4790-9885-d338daefb981,28c25bca-56fb-487b-b335-f02e00863c6b,95f43b8d-de0d-4dd2-a9bb-0cdfe02e247a,2,11,2025-08-26 00:30:53.12888+00
a0d99805-f808-4839-b8be-3275a13b3859,5e429b8e-0feb-41e8-a512-cd6ae112b657,46a30c5e-11ff-4c44-aa31-29a606850f82,0,2,2026-03-23 01:11:21.652233+00
a0efdeac-41c6-4211-b6d9-2e70d3becf59,ef99d1e9-75a3-4c2a-9ab3-48604f86b4fa,4f4c26c5-21c6-4a45-b9ab-141ea2936063,1,9,2026-02-17 01:04:46.058986+00
a1380e7c-67ce-4d39-9a60-15f6fc5a0215,e1083685-268d-4376-bbc8-14fe74194d46,f9aa08c8-da66-4064-a39a-3225dadaa1d0,0,5,2025-08-18 23:21:21.195482+00
a16c3450-9429-4467-babd-baee42b8eb11,e1083685-268d-4376-bbc8-14fe74194d46,6e5a68ef-c26c-4776-8f8c-7f3c22bc3f06,1,10,2025-08-18 23:21:21.195482+00
a19f776d-1908-4cee-b92a-1b1c9a0131a4,f71b04ba-1da6-4037-bec6-7cdcab0fa7f3,c4d0c372-0a8c-445d-9994-fe871e8eb544,0,4,2026-05-05 01:29:16.763626+00
a1e61a3d-80d9-43c0-a035-ab7de04c86fe,00c76044-16a0-4acf-a0a5-8de00e9cbc06,6e5a68ef-c26c-4776-8f8c-7f3c22bc3f06,0,6,2025-12-16 01:50:33.561015+00
a1ecb3e1-b12c-4fa8-8cd8-f53b30f3da8b,12df5536-e3fd-44e8-a289-169153a0f1df,eff7bddc-a865-47c4-95fb-fe4116d8c288,1,8,2026-02-23 22:30:35.650949+00
a1fa41e3-5c23-4a0d-bd6e-62d19a191b8e,13b78ddf-4433-4e30-b3b2-d3295f7086df,eff7bddc-a865-47c4-95fb-fe4116d8c288,0,5,2026-04-28 00:32:56.868999+00
a23bbed7-43a1-4810-b16d-5fd62b219bb9,7d6130ac-980a-4352-8ec0-29a06643525e,46a30c5e-11ff-4c44-aa31-29a606850f82,2,10,2026-01-12 01:11:49.843879+00
a26525fb-a101-4231-9be3-cdfaa8de4c57,7f04d06c-ca42-403e-8bc7-194f0a0c631a,95f43b8d-de0d-4dd2-a9bb-0cdfe02e247a,1,6,2025-12-01 00:26:08.076072+00
a26a9570-7310-47a8-ba9f-e3e6b0832631,b0768a69-dec7-4af7-b170-19230fdc82ab,4f4c26c5-21c6-4a45-b9ab-141ea2936063,1,5,2026-01-27 00:50:39.268387+00
a27219f7-4da2-41b3-ade7-26b94eac9315,83060e08-aa40-4cdb-b07e-9690e6ec77c9,eff7bddc-a865-47c4-95fb-fe4116d8c288,1,6,2026-04-20 23:41:11.10958+00
a29084ea-bcd5-4c5c-9e55-9e7b1797a2cd,3ea490f3-3471-4c91-b539-2dde6cbff1da,857f0ddb-bbf7-490f-89e7-c393913d1937,0,6,2026-03-02 04:46:03.347595+00
a292fb91-4c69-49c8-933f-5fb9253225db,00c76044-16a0-4acf-a0a5-8de00e9cbc06,182f8371-048a-4f6e-b95d-149f368c3c44,0,5,2025-12-16 01:50:33.561015+00
a32721b6-6a5f-4799-9fc9-4302c8fcb7d0,db3a5288-ba3c-4edf-96b7-6d7bc46e834c,95f43b8d-de0d-4dd2-a9bb-0cdfe02e247a,2,10,2026-03-17 03:06:23.412534+00
a342fbd7-f0ee-49b7-b496-2ea86f0fcfef,7577e1cd-1ba9-4266-acbc-d2d0027002a7,abe5e91c-2516-47f8-98a7-2b1e70ab13b1,2,11,2026-02-03 01:52:01.382171+00
a350b792-634a-4382-b614-63473bf70a95,7be0759a-59c6-4da1-be13-e876a9051907,9a205562-9e06-49d8-865b-a0dfb3de0b20,0,5,2025-10-21 00:14:04.11767+00
a3f46574-2d25-462f-82a7-9e81e71981e9,5e429b8e-0feb-41e8-a512-cd6ae112b657,66022633-1ced-4920-a431-b74b54e98345,0,1,2026-03-23 01:11:21.652233+00
a41c61bf-bde0-42e4-94a9-3561af5dbc4f,d77ab4fc-0b5e-46dc-8403-2c02eb802dd6,95f43b8d-de0d-4dd2-a9bb-0cdfe02e247a,1,9,2025-10-05 23:57:44.019951+00
a421893c-424d-482b-b25a-f56d3df03470,37bc4415-6386-4c1c-9a8b-453802fa72e1,e04c559e-ca37-400e-b70d-64cc03eb3361,0,4,2025-12-29 01:10:50.647344+00
a42aaadc-bed6-4681-a8ec-c5d6d76a966b,28da2862-f00a-44dd-8ab5-a48849d53245,eb3628cb-9a74-4281-bc9f-ebff66ae268e,2,8,2025-11-04 02:39:26.20676+00
a4c09e0c-afad-4697-b67b-8dd9088a8bb4,83060e08-aa40-4cdb-b07e-9690e6ec77c9,8ed10184-c01b-4913-be71-bf7b48b8163a,1,4,2026-04-20 23:41:11.10958+00
a4e01268-89f6-4656-a8f8-ddebb429553d,284571ab-f355-476f-841c-8d84cf3fc188,f9410110-ec63-4a83-ad54-2b5df48b9140,0,5,2025-09-15 00:20:33.877931+00
a574afe8-37a3-4292-a445-9629c1f21c05,b0768a69-dec7-4af7-b170-19230fdc82ab,182f8371-048a-4f6e-b95d-149f368c3c44,1,5,2026-01-27 00:50:39.268387+00
a5bc3f6d-37bd-49e2-869f-8a565a7abd81,3ea490f3-3471-4c91-b539-2dde6cbff1da,298651b6-b5d4-4875-a636-799edae79a84,1,9,2026-03-02 04:46:03.347595+00
a5dc9328-b7c6-4751-9326-55f03d06da41,3715512f-bc25-48aa-a319-f9b2ffc2fb15,66022633-1ced-4920-a431-b74b54e98345,0,5,2025-10-27 01:59:34.334362+00
a6917a3b-fdbd-4f9e-8ab1-612dbdf478c5,b0768a69-dec7-4af7-b170-19230fdc82ab,25472e3e-4928-440c-84a8-ed85a6e4cf34,0,2,2026-01-27 00:50:39.268387+00
a7044fed-9589-42be-96f6-9021c9675a6e,e1083685-268d-4376-bbc8-14fe74194d46,c2011527-da58-4568-97f9-ec5c223ead8e,0,5,2025-08-18 23:21:21.195482+00
a73b8770-8bd8-43a6-8d41-fcf25218a6c5,28c25bca-56fb-487b-b335-f02e00863c6b,4f4c26c5-21c6-4a45-b9ab-141ea2936063,1,5,2025-08-26 00:30:53.12888+00
a751231d-4a19-4b6f-bcdf-2f4a6387a204,b0768a69-dec7-4af7-b170-19230fdc82ab,6bf245f8-9743-4b7b-ab78-dc0cdd591c6c,1,6,2026-01-27 00:50:39.268387+00
a7af2726-3a35-459d-9d7e-fdb1c1f7aea4,e1083685-268d-4376-bbc8-14fe74194d46,46a30c5e-11ff-4c44-aa31-29a606850f82,1,9,2025-08-18 23:21:21.195482+00
a7eced02-6d65-408f-9e47-85554c8ad32b,83060e08-aa40-4cdb-b07e-9690e6ec77c9,6bf245f8-9743-4b7b-ab78-dc0cdd591c6c,0,5,2026-04-20 23:41:11.10958+00
a827c038-5102-41c1-8c99-85006b52db72,435af285-efb9-47f0-a3b5-aa47b7b78b56,66022633-1ced-4920-a431-b74b54e98345,2,7,2025-11-25 02:24:54.186745+00
a847a98c-2428-4358-b016-5e6710a890f2,e4227354-b5dd-4f39-8e72-213393a8c485,66022633-1ced-4920-a431-b74b54e98345,2,9,2026-03-10 03:14:51.526527+00
a85bd269-a7af-4c0b-ac3c-3867daced9ec,7577e1cd-1ba9-4266-acbc-d2d0027002a7,ceb258ce-454a-4b5f-9321-73fd28390495,0,5,2026-02-03 01:52:01.382171+00
a8a55242-acc4-48f0-a0c3-f401dbe1589a,b0768a69-dec7-4af7-b170-19230fdc82ab,e2ffaf02-f17f-4be3-b3ee-651d39315af1,2,9,2026-01-27 00:50:39.268387+00
a8d032f0-fe38-48fd-84e3-bc8b4327d714,d7a991ce-94f4-44a6-9e3a-bda9babd7e11,f3b179ce-265d-4bf0-8c6c-a641504ea802,1,7,2025-12-09 02:15:48.500643+00
a95d8d8c-87e5-4af5-9ffb-9d793d64b422,b8e9c830-4504-4e15-9aba-2cf1e3b2de9d,8ed10184-c01b-4913-be71-bf7b48b8163a,0,4,2026-01-05 01:20:32.782065+00
a9bf10a0-a690-4843-bd09-f14023ed8825,d77ab4fc-0b5e-46dc-8403-2c02eb802dd6,c4d0c372-0a8c-445d-9994-fe871e8eb544,0,6,2025-10-05 23:57:44.019951+00
aaa54ec6-0a84-4e5e-a8d2-1b1a493de5d3,976d2b52-ae86-4db2-a398-bb57fbbaeb87,66022633-1ced-4920-a431-b74b54e98345,0,1,2026-01-20 01:32:39.849929+00
ab367819-886a-4712-a5dc-23907a6cb9a0,435af285-efb9-47f0-a3b5-aa47b7b78b56,95f43b8d-de0d-4dd2-a9bb-0cdfe02e247a,0,5,2025-11-25 02:24:54.186745+00
ab6438e5-df09-4442-b536-506fbc8859c2,39344544-7804-4c1d-a17b-a1aff7a7f869,c4d0c372-0a8c-445d-9994-fe871e8eb544,1,4,2025-11-10 03:54:43.745207+00
ab80351a-6d91-4e78-8044-8f4872806d93,dbca26f6-24f8-4b2b-ae21-363e5a3a3801,298651b6-b5d4-4875-a636-799edae79a84,0,2,2026-04-14 00:51:56.113606+00
ab826625-b86f-4caa-ae90-0dd5b7486784,d6d48c4a-c6a6-4149-a03a-6a45d592346a,49f48e02-6af0-4107-8f27-29f67efc4c3a,1,9,2026-04-06 02:24:09.814086+00
ac326601-0093-4278-9756-25b94763489e,e1083685-268d-4376-bbc8-14fe74194d46,7151cae2-f54e-4f88-9e6a-8ab7fe755160,0,7,2025-08-18 23:21:21.195482+00
ac32e88c-e7c5-42c1-9fcd-f297c414a26a,d8d2e264-f062-4c84-bc77-cf67da4c3bf5,584d969b-f2c5-4e89-a226-9d5d47bebe23,1,4,2025-09-01 12:27:12.189666+00
ac442e06-5775-4972-aded-0216991bea71,e4227354-b5dd-4f39-8e72-213393a8c485,c2011527-da58-4568-97f9-ec5c223ead8e,1,8,2026-03-10 03:14:51.526527+00
ace7ba24-80d5-4447-8ae8-895e997e421f,7d6130ac-980a-4352-8ec0-29a06643525e,6bf245f8-9743-4b7b-ab78-dc0cdd591c6c,1,6,2026-01-12 01:11:49.843879+00
ad8e150f-337f-43d3-9aaf-b1066b2ed646,d8d2e264-f062-4c84-bc77-cf67da4c3bf5,e28417e9-f154-4f39-bf0d-86cb6a1abc32,0,3,2025-09-01 12:27:12.189666+00
aec4700d-ce04-4416-85cb-0ddf8021c5a8,37bc4415-6386-4c1c-9a8b-453802fa72e1,8ed10184-c01b-4913-be71-bf7b48b8163a,2,11,2025-12-29 01:10:50.647344+00
aef172e1-c169-4769-89ed-f1f2d5bd0348,6321df99-8fc5-4465-a345-4e85e454e8cc,6a57188f-50ad-4d66-88e5-64236a293c32,1,8,2025-09-22 12:27:57.199993+00
aef81bf6-d942-4fdf-9728-287b66c5f86d,b0768a69-dec7-4af7-b170-19230fdc82ab,95f43b8d-de0d-4dd2-a9bb-0cdfe02e247a,1,6,2026-01-27 00:50:39.268387+00
aeffb52d-6221-48b9-b5e2-ec2977ab5856,12df5536-e3fd-44e8-a289-169153a0f1df,8ed10184-c01b-4913-be71-bf7b48b8163a,2,10,2026-02-23 22:30:35.650949+00
af5464a6-8a27-4f30-b602-89815c883b21,39344544-7804-4c1d-a17b-a1aff7a7f869,e2ffaf02-f17f-4be3-b3ee-651d39315af1,0,5,2025-11-10 03:54:43.745207+00
af5d02fb-d6a1-4fa5-9313-5f494ba0b1f7,d8d2e264-f062-4c84-bc77-cf67da4c3bf5,c8b7ea0d-f644-44ff-b89b-a0e352ff3cec,0,3,2025-09-01 12:27:12.189666+00
afd14309-0e5f-4c63-9035-0404b50b9a49,e4227354-b5dd-4f39-8e72-213393a8c485,95f43b8d-de0d-4dd2-a9bb-0cdfe02e247a,1,9,2026-03-10 03:14:51.526527+00
afd1a472-af2f-413f-9cc9-fe84de602600,e4227354-b5dd-4f39-8e72-213393a8c485,8ed10184-c01b-4913-be71-bf7b48b8163a,1,10,2026-03-10 03:14:51.526527+00
afe01ce9-899d-46e3-867b-2a8dd39b4031,28c25bca-56fb-487b-b335-f02e00863c6b,e2ffaf02-f17f-4be3-b3ee-651d39315af1,0,3,2025-08-26 00:30:53.12888+00
b002893d-f48b-4595-828e-ede909c7e113,d77ab4fc-0b5e-46dc-8403-2c02eb802dd6,e2ffaf02-f17f-4be3-b3ee-651d39315af1,1,8,2025-10-05 23:57:44.019951+00
b011b391-bfa4-4676-b701-274968661bfe,00c76044-16a0-4acf-a0a5-8de00e9cbc06,66022633-1ced-4920-a431-b74b54e98345,0,4,2025-12-16 01:50:33.561015+00
b0215b28-2cd5-4fc9-b8df-cebcda6b23fe,f71b04ba-1da6-4037-bec6-7cdcab0fa7f3,abe5e91c-2516-47f8-98a7-2b1e70ab13b1,1,8,2026-05-05 01:29:16.763626+00
b070d3ab-14fd-4983-a3ff-904686571427,b0768a69-dec7-4af7-b170-19230fdc82ab,b782ca87-97a5-4e94-96b3-fda9d7a93d5d,2,9,2026-01-27 00:50:39.268387+00
b0a8446b-a37c-478a-a314-9a86e4b4091e,b8e9c830-4504-4e15-9aba-2cf1e3b2de9d,eb3628cb-9a74-4281-bc9f-ebff66ae268e,0,4,2026-01-05 01:20:32.782065+00
b0c38e25-4ab2-4517-ac1a-63e772eb2015,634bef0a-8a4f-4bb4-a7cc-79a5ec61e5cb,7151cae2-f54e-4f88-9e6a-8ab7fe755160,1,6,2025-12-23 02:13:34.5906+00
b0f0ff1c-07c6-4bd4-aa46-ca3002ca70af,28c25bca-56fb-487b-b335-f02e00863c6b,eb3628cb-9a74-4281-bc9f-ebff66ae268e,2,10,2025-08-26 00:30:53.12888+00
b0f65fcd-56c1-4fd5-9926-fed9a2fb4dff,12df5536-e3fd-44e8-a289-169153a0f1df,9a205562-9e06-49d8-865b-a0dfb3de0b20,1,6,2026-02-23 22:30:35.650949+00
b10a7b1a-70b1-431a-a2d4-83a50a8e75ad,d8d2e264-f062-4c84-bc77-cf67da4c3bf5,182f8371-048a-4f6e-b95d-149f368c3c44,0,3,2025-09-01 12:27:12.189666+00
b1700be3-e7c3-46b2-8125-e8a299709d41,5e429b8e-0feb-41e8-a512-cd6ae112b657,6a57188f-50ad-4d66-88e5-64236a293c32,0,3,2026-03-23 01:11:21.652233+00
b1a620d6-cc73-4398-adff-c61760295d55,ef99d1e9-75a3-4c2a-9ab3-48604f86b4fa,e2ffaf02-f17f-4be3-b3ee-651d39315af1,0,7,2026-02-17 01:04:46.058986+00
b1f10e70-ee0c-42fe-a131-ddebe89ed861,37bc4415-6386-4c1c-9a8b-453802fa72e1,e28417e9-f154-4f39-bf0d-86cb6a1abc32,0,6,2025-12-29 01:10:50.647344+00
b2151489-2dfd-4fa4-b983-f413514ce053,00c76044-16a0-4acf-a0a5-8de00e9cbc06,8ed10184-c01b-4913-be71-bf7b48b8163a,0,2,2025-12-16 01:50:33.561015+00
b21ce90f-758d-4960-b7ea-01a073cc87fb,7be0759a-59c6-4da1-be13-e876a9051907,95f43b8d-de0d-4dd2-a9bb-0cdfe02e247a,0,4,2025-10-21 00:14:04.11767+00
b223a4fd-baa6-4c59-a0bb-9caeadff945c,7d6130ac-980a-4352-8ec0-29a06643525e,71913bf1-3c89-4850-a771-b807bac56136,1,6,2026-01-12 01:11:49.843879+00
b268fd3b-7b21-4230-93d8-efb5b32d19c4,28c25bca-56fb-487b-b335-f02e00863c6b,8ed10184-c01b-4913-be71-bf7b48b8163a,1,6,2025-08-26 00:30:53.12888+00
b2bda411-f049-411c-8038-606c4e56677d,ef99d1e9-75a3-4c2a-9ab3-48604f86b4fa,66022633-1ced-4920-a431-b74b54e98345,0,5,2026-02-17 01:04:46.058986+00
b30514ac-e4ed-47c6-97f2-d53a320b013f,37bc4415-6386-4c1c-9a8b-453802fa72e1,f3b179ce-265d-4bf0-8c6c-a641504ea802,1,7,2025-12-29 01:10:50.647344+00
b35ce19b-2fb8-47da-b74b-7ba177039f5b,37bc4415-6386-4c1c-9a8b-453802fa72e1,6bf245f8-9743-4b7b-ab78-dc0cdd591c6c,2,9,2025-12-29 01:10:50.647344+00
b3d07c28-9a49-4a33-973d-63b2bb9b926b,ef99d1e9-75a3-4c2a-9ab3-48604f86b4fa,a98cac4a-9401-4a97-b8e6-93a7caee47e9,1,10,2026-02-17 01:04:46.058986+00
b4c21339-ebc7-447b-a0dc-4c1b45bf0608,435af285-efb9-47f0-a3b5-aa47b7b78b56,4f4c26c5-21c6-4a45-b9ab-141ea2936063,0,1,2025-11-25 02:24:54.186745+00
b57b08ac-6882-40d1-b091-cadd64dd83cc,db3a5288-ba3c-4edf-96b7-6d7bc46e834c,298651b6-b5d4-4875-a636-799edae79a84,0,5,2026-03-17 03:06:23.412534+00
b58262e0-4ff3-4acb-a2b6-64ae9db42175,3fbb2bf0-cef3-48b2-9d04-ecba8bd4165b,c2011527-da58-4568-97f9-ec5c223ead8e,1,5,2025-09-30 00:21:43.959007+00
b5904584-8407-46c6-add7-673150a53124,7f04d06c-ca42-403e-8bc7-194f0a0c631a,c8b7ea0d-f644-44ff-b89b-a0e352ff3cec,0,5,2025-12-01 00:26:08.076072+00
b5ad9087-a63b-40ea-b6f3-d98ef1215830,28c25bca-56fb-487b-b335-f02e00863c6b,e28417e9-f154-4f39-bf0d-86cb6a1abc32,0,3,2025-08-26 00:30:53.12888+00
b5ae6f2d-5e9c-47f7-93e5-f9061e64d0f1,39344544-7804-4c1d-a17b-a1aff7a7f869,6a57188f-50ad-4d66-88e5-64236a293c32,1,5,2025-11-10 03:54:43.745207+00
b60c52c6-c997-4f31-98cc-51fa45cba117,976d2b52-ae86-4db2-a398-bb57fbbaeb87,7151cae2-f54e-4f88-9e6a-8ab7fe755160,0,1,2026-01-20 01:32:39.849929+00
b671eda4-4909-4831-b05d-1497c767e75a,f71b04ba-1da6-4037-bec6-7cdcab0fa7f3,6bf245f8-9743-4b7b-ab78-dc0cdd591c6c,0,4,2026-05-05 01:29:16.763626+00
b684387f-b8d7-4464-b778-d717293fdca0,634bef0a-8a4f-4bb4-a7cc-79a5ec61e5cb,3d18f1c8-de23-4c6d-b843-8241da5d994e,2,10,2025-12-23 02:13:34.5906+00
b6ab4258-6c3d-48d8-a1d7-b06cf9ac69a6,7d6130ac-980a-4352-8ec0-29a06643525e,b782ca87-97a5-4e94-96b3-fda9d7a93d5d,2,9,2026-01-12 01:11:49.843879+00
b75282e3-7d13-42e4-a763-9d768781d39c,00c76044-16a0-4acf-a0a5-8de00e9cbc06,a98cac4a-9401-4a97-b8e6-93a7caee47e9,1,9,2025-12-16 01:50:33.561015+00
b75b8025-3b3c-4737-b0ea-142a79bb178d,f71b04ba-1da6-4037-bec6-7cdcab0fa7f3,8ed10184-c01b-4913-be71-bf7b48b8163a,0,4,2026-05-05 01:29:16.763626+00
b7afc7a5-6ab6-4239-a712-55d9bd5496b7,435af285-efb9-47f0-a3b5-aa47b7b78b56,71913bf1-3c89-4850-a771-b807bac56136,5,18,2025-11-25 02:24:54.186745+00
b7f84087-2178-4e0a-8bad-8e689a3506b0,b0768a69-dec7-4af7-b170-19230fdc82ab,c4d0c372-0a8c-445d-9994-fe871e8eb544,1,4,2026-01-27 00:50:39.268387+00
b840a47d-89d4-4371-abcd-2705214b1986,37bc4415-6386-4c1c-9a8b-453802fa72e1,eff7bddc-a865-47c4-95fb-fe4116d8c288,1,7,2025-12-29 01:10:50.647344+00
b8451897-c619-4e2b-9ac2-d62b8b774efb,5e429b8e-0feb-41e8-a512-cd6ae112b657,e2ffaf02-f17f-4be3-b3ee-651d39315af1,1,4,2026-03-23 01:11:21.652233+00
b8c0dc82-7975-43c5-8a3a-4517619872e6,dbca26f6-24f8-4b2b-ae21-363e5a3a3801,f9aa08c8-da66-4064-a39a-3225dadaa1d0,1,6,2026-04-14 00:51:56.113606+00
b8c1de25-bfa6-485b-b0ab-cec8962477ce,6321df99-8fc5-4465-a345-4e85e454e8cc,8ed10184-c01b-4913-be71-bf7b48b8163a,0,4,2025-09-22 12:27:57.199993+00
b8d15727-2a6f-4a55-8227-42d49e6ea5f1,3fbb2bf0-cef3-48b2-9d04-ecba8bd4165b,9a205562-9e06-49d8-865b-a0dfb3de0b20,0,2,2025-09-30 00:21:43.959007+00
b8e4f15e-c1e3-40a9-a79f-89406926d0b9,7577e1cd-1ba9-4266-acbc-d2d0027002a7,298651b6-b5d4-4875-a636-799edae79a84,0,4,2026-02-03 01:52:01.382171+00
b8f963c3-db9b-4b77-9f02-5722567f9e90,83060e08-aa40-4cdb-b07e-9690e6ec77c9,298651b6-b5d4-4875-a636-799edae79a84,2,9,2026-04-20 23:41:11.10958+00
b8f9ab51-87fb-413e-9676-e347ae9939f7,435af285-efb9-47f0-a3b5-aa47b7b78b56,584d969b-f2c5-4e89-a226-9d5d47bebe23,1,6,2025-11-25 02:24:54.186745+00
b900d841-4f9c-42a9-8755-509d3728d653,d6d48c4a-c6a6-4149-a03a-6a45d592346a,7151cae2-f54e-4f88-9e6a-8ab7fe755160,1,10,2026-04-06 02:24:09.814086+00
b9335f3a-2c29-4765-a00e-62f00d58836c,db3a5288-ba3c-4edf-96b7-6d7bc46e834c,abe5e91c-2516-47f8-98a7-2b1e70ab13b1,0,3,2026-03-17 03:06:23.412534+00
b9ee96a9-09ed-440b-86e9-407c1ecb9cbe,e1083685-268d-4376-bbc8-14fe74194d46,95f43b8d-de0d-4dd2-a9bb-0cdfe02e247a,1,7,2025-08-18 23:21:21.195482+00
b9f2d54a-7289-48ce-ab29-13422d850d63,e4227354-b5dd-4f39-8e72-213393a8c485,6e5a68ef-c26c-4776-8f8c-7f3c22bc3f06,1,8,2026-03-10 03:14:51.526527+00
ba39a602-b17b-46e5-b58c-3bf96174c409,b0768a69-dec7-4af7-b170-19230fdc82ab,584d969b-f2c5-4e89-a226-9d5d47bebe23,1,5,2026-01-27 00:50:39.268387+00
ba5f6793-0255-4ec7-8c5a-e257a0114214,e1083685-268d-4376-bbc8-14fe74194d46,71913bf1-3c89-4850-a771-b807bac56136,0,4,2025-08-18 23:21:21.195482+00
bb7342c6-dc86-4c4a-8d5b-adf65b2d1ed8,28da2862-f00a-44dd-8ab5-a48849d53245,e28417e9-f154-4f39-bf0d-86cb6a1abc32,1,10,2025-11-04 02:39:26.20676+00
bbe259ac-ed95-4a3a-8ea9-b01c662a7b23,83060e08-aa40-4cdb-b07e-9690e6ec77c9,9a205562-9e06-49d8-865b-a0dfb3de0b20,1,7,2026-04-20 23:41:11.10958+00
bbf8ab00-33c0-4a4c-96f7-7e6df50fc263,7be0759a-59c6-4da1-be13-e876a9051907,584d969b-f2c5-4e89-a226-9d5d47bebe23,0,6,2025-10-21 00:14:04.11767+00
bc428187-0374-4e1c-b1b6-ce83b7466a9f,28da2862-f00a-44dd-8ab5-a48849d53245,c8b7ea0d-f644-44ff-b89b-a0e352ff3cec,2,11,2025-11-04 02:39:26.20676+00
bc68964c-583e-4a4a-a279-bdb30f5dfe75,dbca26f6-24f8-4b2b-ae21-363e5a3a3801,3d18f1c8-de23-4c6d-b843-8241da5d994e,0,5,2026-04-14 00:51:56.113606+00
bc75c4a1-e7b5-431a-aa1c-64f430fff299,e1083685-268d-4376-bbc8-14fe74194d46,857f0ddb-bbf7-490f-89e7-c393913d1937,2,14,2025-08-18 23:21:21.195482+00
bcdaa297-a239-40a1-b476-71dbe096bce6,db3a5288-ba3c-4edf-96b7-6d7bc46e834c,6a57188f-50ad-4d66-88e5-64236a293c32,0,4,2026-03-17 03:06:23.412534+00
bd434a46-781b-4c3a-892b-765663bb7ce5,39344544-7804-4c1d-a17b-a1aff7a7f869,f3b179ce-265d-4bf0-8c6c-a641504ea802,1,6,2025-11-10 03:54:43.745207+00
bde9f5df-7c47-418d-9dfd-c26cc13edddc,37bc4415-6386-4c1c-9a8b-453802fa72e1,25472e3e-4928-440c-84a8-ed85a6e4cf34,1,4,2025-12-29 01:10:50.647344+00
be353d84-eaa7-4b42-b171-e27d77bcb795,d8d2e264-f062-4c84-bc77-cf67da4c3bf5,298651b6-b5d4-4875-a636-799edae79a84,1,3,2025-09-01 12:27:12.189666+00
be40e0f1-b7b0-4271-bb9d-e48bde9766fc,28da2862-f00a-44dd-8ab5-a48849d53245,298651b6-b5d4-4875-a636-799edae79a84,0,4,2025-11-04 02:39:26.20676+00
be6380df-a8e6-4f4d-8e40-aa38d727415d,db3a5288-ba3c-4edf-96b7-6d7bc46e834c,6e5a68ef-c26c-4776-8f8c-7f3c22bc3f06,0,2,2026-03-17 03:06:23.412534+00
bea7478d-21f6-46c8-8a1d-05d9908c2d38,435af285-efb9-47f0-a3b5-aa47b7b78b56,298651b6-b5d4-4875-a636-799edae79a84,0,1,2025-11-25 02:24:54.186745+00
bf2eef55-90ce-4e67-9a13-1a3fe6051b42,00c76044-16a0-4acf-a0a5-8de00e9cbc06,71913bf1-3c89-4850-a771-b807bac56136,1,8,2025-12-16 01:50:33.561015+00
bf7fd870-98fa-45e3-aa57-8db6ce36126e,13b78ddf-4433-4e30-b3b2-d3295f7086df,182f8371-048a-4f6e-b95d-149f368c3c44,0,4,2026-04-28 00:32:56.868999+00
bfc11df0-7532-4388-886b-98796c895e56,e1083685-268d-4376-bbc8-14fe74194d46,30bc182e-979b-4f58-b596-67c45a4d2faf,2,7,2025-08-18 23:21:21.195482+00
bff75160-7218-489c-a492-009285d88780,b0768a69-dec7-4af7-b170-19230fdc82ab,a98cac4a-9401-4a97-b8e6-93a7caee47e9,2,7,2026-01-27 00:50:39.268387+00
c0337e91-6f6e-48af-8234-613f4cfe3974,d8d2e264-f062-4c84-bc77-cf67da4c3bf5,66022633-1ced-4920-a431-b74b54e98345,0,3,2025-09-01 12:27:12.189666+00
c0516421-1ef9-4202-b05d-573928fdc387,976d2b52-ae86-4db2-a398-bb57fbbaeb87,e28417e9-f154-4f39-bf0d-86cb6a1abc32,1,6,2026-01-20 01:32:39.849929+00
c0520eb8-0528-4830-b3e5-91b159099426,3715512f-bc25-48aa-a319-f9b2ffc2fb15,a98cac4a-9401-4a97-b8e6-93a7caee47e9,2,9,2025-10-27 01:59:34.334362+00
c0650acf-9f50-4aed-af4b-77ddf850d2e0,dbca26f6-24f8-4b2b-ae21-363e5a3a3801,71913bf1-3c89-4850-a771-b807bac56136,3,13,2026-04-14 00:51:56.113606+00
c0b4ac65-3688-411f-a68a-496babd0aea3,d7a991ce-94f4-44a6-9e3a-bda9babd7e11,6bf245f8-9743-4b7b-ab78-dc0cdd591c6c,0,6,2025-12-09 02:15:48.500643+00
c0bdaf27-39eb-4e14-b48c-4ca85d8b53c5,d77ab4fc-0b5e-46dc-8403-2c02eb802dd6,78c6e1c2-6f06-4cf7-8a82-54f62c0e9504,1,8,2025-10-05 23:57:44.019951+00
c0d9ffdd-8ec6-4a3e-bd28-b773d36e0e2b,dbca26f6-24f8-4b2b-ae21-363e5a3a3801,7151cae2-f54e-4f88-9e6a-8ab7fe755160,1,8,2026-04-14 00:51:56.113606+00
c10bf302-aac8-499d-bc8f-1f83e98397cf,e4227354-b5dd-4f39-8e72-213393a8c485,6bf245f8-9743-4b7b-ab78-dc0cdd591c6c,2,10,2026-03-10 03:14:51.526527+00
c157188a-6876-4514-b254-ecce31d7775d,976d2b52-ae86-4db2-a398-bb57fbbaeb87,c4d0c372-0a8c-445d-9994-fe871e8eb544,0,1,2026-01-20 01:32:39.849929+00
c1a3e758-486c-434c-9ee7-704aa361d5e9,3ea490f3-3471-4c91-b539-2dde6cbff1da,ceb258ce-454a-4b5f-9321-73fd28390495,3,12,2026-03-02 04:46:03.347595+00
c1c4e89c-cd40-4ab1-b068-d23780ec36a7,d7a991ce-94f4-44a6-9e3a-bda9babd7e11,8ed10184-c01b-4913-be71-bf7b48b8163a,1,6,2025-12-09 02:15:48.500643+00
c1efec28-143f-4796-abbc-ab490a74ad21,28da2862-f00a-44dd-8ab5-a48849d53245,f9410110-ec63-4a83-ad54-2b5df48b9140,1,10,2025-11-04 02:39:26.20676+00
c236928c-de66-46c7-b203-3dbd3afa733a,37bc4415-6386-4c1c-9a8b-453802fa72e1,7151cae2-f54e-4f88-9e6a-8ab7fe755160,1,14,2025-12-29 01:10:50.647344+00
c27cbecf-393a-46bb-b776-173fa15f4542,7d6130ac-980a-4352-8ec0-29a06643525e,66022633-1ced-4920-a431-b74b54e98345,2,9,2026-01-12 01:11:49.843879+00
c2d04f49-7490-4482-93ce-b45af22cfe77,3d3498a4-2cb9-46cc-a1c2-2cb731ca4d02,66022633-1ced-4920-a431-b74b54e98345,1,6,2026-02-08 20:06:14.425546+00
c2de9de9-4b6a-421d-9f8e-395f367ebf10,ef99d1e9-75a3-4c2a-9ab3-48604f86b4fa,8ed10184-c01b-4913-be71-bf7b48b8163a,0,6,2026-02-17 01:04:46.058986+00
c3370ed6-1304-4074-8016-11e854349a33,d8d2e264-f062-4c84-bc77-cf67da4c3bf5,78c6e1c2-6f06-4cf7-8a82-54f62c0e9504,0,3,2025-09-01 12:27:12.189666+00
c3eb55c0-c4fd-4480-aec7-c78fa5778de6,83060e08-aa40-4cdb-b07e-9690e6ec77c9,b782ca87-97a5-4e94-96b3-fda9d7a93d5d,1,8,2026-04-20 23:41:11.10958+00
c3f4a81c-83b6-45f2-b277-950b175c5764,3d3498a4-2cb9-46cc-a1c2-2cb731ca4d02,95f43b8d-de0d-4dd2-a9bb-0cdfe02e247a,0,4,2026-02-08 20:06:14.425546+00
c462ef56-eece-4ba1-acfb-3c27d3cf0d95,13b78ddf-4433-4e30-b3b2-d3295f7086df,9a205562-9e06-49d8-865b-a0dfb3de0b20,0,6,2026-04-28 00:32:56.868999+00
c525872b-097f-4cd3-bf49-f52511ad9e39,d77ab4fc-0b5e-46dc-8403-2c02eb802dd6,7151cae2-f54e-4f88-9e6a-8ab7fe755160,3,15,2025-10-05 23:57:44.019951+00
c52e4f37-fbd8-4225-83e0-954c64066d86,976d2b52-ae86-4db2-a398-bb57fbbaeb87,ceb258ce-454a-4b5f-9321-73fd28390495,1,5,2026-01-20 01:32:39.849929+00
c5419c3d-7a08-48a2-ba9c-4dfea0d18de4,d8d2e264-f062-4c84-bc77-cf67da4c3bf5,b782ca87-97a5-4e94-96b3-fda9d7a93d5d,1,6,2025-09-01 12:27:12.189666+00
c5d9cdb0-f067-4f18-b8b7-73edce146245,6321df99-8fc5-4465-a345-4e85e454e8cc,46a30c5e-11ff-4c44-aa31-29a606850f82,1,5,2025-09-22 12:27:57.199993+00
c621a5d3-01f3-4526-8210-0396c46cea78,6321df99-8fc5-4465-a345-4e85e454e8cc,abe5e91c-2516-47f8-98a7-2b1e70ab13b1,2,8,2025-09-22 12:27:57.199993+00
c6857056-adcf-4c40-b1cd-0de92c27060e,3fbb2bf0-cef3-48b2-9d04-ecba8bd4165b,298651b6-b5d4-4875-a636-799edae79a84,1,4,2025-09-30 00:21:43.959007+00
c68e5167-b521-4253-9092-8c44b18f48b4,e4227354-b5dd-4f39-8e72-213393a8c485,b782ca87-97a5-4e94-96b3-fda9d7a93d5d,1,8,2026-03-10 03:14:51.526527+00
c6d0391a-372f-4573-a6c2-c2718d25fbab,e4227354-b5dd-4f39-8e72-213393a8c485,e04c559e-ca37-400e-b70d-64cc03eb3361,0,4,2026-03-10 03:14:51.526527+00
c70c51e6-5ce7-4384-8158-23401e72f7cf,7f04d06c-ca42-403e-8bc7-194f0a0c631a,e04c559e-ca37-400e-b70d-64cc03eb3361,0,6,2025-12-01 00:26:08.076072+00
c73cd458-fac6-4abe-91f9-81ea2e640a8e,39344544-7804-4c1d-a17b-a1aff7a7f869,a98cac4a-9401-4a97-b8e6-93a7caee47e9,1,10,2025-11-10 03:54:43.745207+00
c7e842d6-846f-49ff-b2db-d4a9cfec1c25,b0768a69-dec7-4af7-b170-19230fdc82ab,7151cae2-f54e-4f88-9e6a-8ab7fe755160,2,10,2026-01-27 00:50:39.268387+00
c8300e25-54b1-4d14-80e5-2665d85c2ac4,7f04d06c-ca42-403e-8bc7-194f0a0c631a,857f0ddb-bbf7-490f-89e7-c393913d1937,1,7,2025-12-01 00:26:08.076072+00
c888145f-d2bf-482b-95b9-1155935f7590,b0768a69-dec7-4af7-b170-19230fdc82ab,e28417e9-f154-4f39-bf0d-86cb6a1abc32,1,6,2026-01-27 00:50:39.268387+00
c8d59fd2-81a9-426d-b835-44b79eb4b991,37bc4415-6386-4c1c-9a8b-453802fa72e1,3d18f1c8-de23-4c6d-b843-8241da5d994e,2,8,2025-12-29 01:10:50.647344+00
c8db1d62-5d79-4319-a5ac-05892b9aade3,7d6130ac-980a-4352-8ec0-29a06643525e,ceb258ce-454a-4b5f-9321-73fd28390495,3,12,2026-01-12 01:11:49.843879+00
c8ff8496-076b-4033-b6a4-62d3789a4e72,b0768a69-dec7-4af7-b170-19230fdc82ab,78c6e1c2-6f06-4cf7-8a82-54f62c0e9504,1,10,2026-01-27 00:50:39.268387+00
c94e7112-1752-4a0f-9cbe-d695fbc8ac96,d77ab4fc-0b5e-46dc-8403-2c02eb802dd6,eb3628cb-9a74-4281-bc9f-ebff66ae268e,0,1,2025-10-05 23:57:44.019951+00
c950f458-a839-4e1e-9bf5-1af89ba74287,3715512f-bc25-48aa-a319-f9b2ffc2fb15,6e5a68ef-c26c-4776-8f8c-7f3c22bc3f06,2,10,2025-10-27 01:59:34.334362+00
c9565e46-2ac6-4e26-a4bc-d814c3cec3fe,dbca26f6-24f8-4b2b-ae21-363e5a3a3801,4f4c26c5-21c6-4a45-b9ab-141ea2936063,0,4,2026-04-14 00:51:56.113606+00
c95a898d-433a-4950-9ec6-1127df9c0c48,b8e9c830-4504-4e15-9aba-2cf1e3b2de9d,6bf245f8-9743-4b7b-ab78-dc0cdd591c6c,0,6,2026-01-05 01:20:32.782065+00
c9adeaab-40fc-4c9b-bd90-4e99b0c6dda6,7f04d06c-ca42-403e-8bc7-194f0a0c631a,3d18f1c8-de23-4c6d-b843-8241da5d994e,1,9,2025-12-01 00:26:08.076072+00
c9de4bd2-0f10-44b8-a902-b0b21a486234,3ea490f3-3471-4c91-b539-2dde6cbff1da,6a57188f-50ad-4d66-88e5-64236a293c32,3,13,2026-03-02 04:46:03.347595+00
c9ece83b-862e-485d-ba5e-330861904490,12df5536-e3fd-44e8-a289-169153a0f1df,f3b179ce-265d-4bf0-8c6c-a641504ea802,1,7,2026-02-23 22:30:35.650949+00
ca083b17-4518-4da2-8387-217bef35c6aa,e4227354-b5dd-4f39-8e72-213393a8c485,25472e3e-4928-440c-84a8-ed85a6e4cf34,1,5,2026-03-10 03:14:51.526527+00
ca3009f5-7ccc-458f-bb19-b9465c3ed313,3fbb2bf0-cef3-48b2-9d04-ecba8bd4165b,49f48e02-6af0-4107-8f27-29f67efc4c3a,1,4,2025-09-30 00:21:43.959007+00
ca394840-522e-4611-a658-2fd80f9d81e6,37bc4415-6386-4c1c-9a8b-453802fa72e1,a98cac4a-9401-4a97-b8e6-93a7caee47e9,0,5,2025-12-29 01:10:50.647344+00
ca3c6963-6169-441c-994c-b0211546b9eb,d6d48c4a-c6a6-4149-a03a-6a45d592346a,46a30c5e-11ff-4c44-aa31-29a606850f82,2,12,2026-04-06 02:24:09.814086+00
ca4a0186-b253-45e3-9450-c971ad6a83b9,7f04d06c-ca42-403e-8bc7-194f0a0c631a,46a30c5e-11ff-4c44-aa31-29a606850f82,1,6,2025-12-01 00:26:08.076072+00
ca7a23e1-0c95-4e15-8f43-691934434206,7f04d06c-ca42-403e-8bc7-194f0a0c631a,f3b179ce-265d-4bf0-8c6c-a641504ea802,0,5,2025-12-01 00:26:08.076072+00
cad89de7-f62c-42d3-bb52-4f6a80e53132,13b78ddf-4433-4e30-b3b2-d3295f7086df,6e5a68ef-c26c-4776-8f8c-7f3c22bc3f06,2,13,2026-04-28 00:32:56.868999+00
cae46dd8-741a-4ea0-8312-f1777dc9eda0,e4227354-b5dd-4f39-8e72-213393a8c485,4f4c26c5-21c6-4a45-b9ab-141ea2936063,0,3,2026-03-10 03:14:51.526527+00
cb089a4b-aaea-4410-8451-8f964eb4d8a7,e1083685-268d-4376-bbc8-14fe74194d46,66022633-1ced-4920-a431-b74b54e98345,0,7,2025-08-18 23:21:21.195482+00
cb669255-42e1-4749-bf39-4f88ffb98d9e,7f04d06c-ca42-403e-8bc7-194f0a0c631a,ceb258ce-454a-4b5f-9321-73fd28390495,0,4,2025-12-01 00:26:08.076072+00
cba9d781-13ae-41d8-9d46-9850a32dc4d7,b0768a69-dec7-4af7-b170-19230fdc82ab,eff7bddc-a865-47c4-95fb-fe4116d8c288,1,6,2026-01-27 00:50:39.268387+00
cbb5ea2e-30bb-41af-8118-3b21711048b9,db3a5288-ba3c-4edf-96b7-6d7bc46e834c,e2ffaf02-f17f-4be3-b3ee-651d39315af1,0,5,2026-03-17 03:06:23.412534+00
cbde2425-3792-4be6-9c45-9b4544568c51,3ea490f3-3471-4c91-b539-2dde6cbff1da,182f8371-048a-4f6e-b95d-149f368c3c44,1,8,2026-03-02 04:46:03.347595+00
cc2ec933-81c5-4c97-a041-53e2fca940f3,284571ab-f355-476f-841c-8d84cf3fc188,f3b179ce-265d-4bf0-8c6c-a641504ea802,1,6,2025-09-15 00:20:33.877931+00
cc4385b3-0534-4b8e-bc42-d972ef365b3d,3fbb2bf0-cef3-48b2-9d04-ecba8bd4165b,78c6e1c2-6f06-4cf7-8a82-54f62c0e9504,1,5,2025-09-30 00:21:43.959007+00
cc935322-f451-4f3d-982e-c70a17675478,435af285-efb9-47f0-a3b5-aa47b7b78b56,182f8371-048a-4f6e-b95d-149f368c3c44,1,6,2025-11-25 02:24:54.186745+00
cccdaa35-8f9f-4b7e-b2a4-cc5c02fa8ea6,d6d48c4a-c6a6-4149-a03a-6a45d592346a,f3b179ce-265d-4bf0-8c6c-a641504ea802,0,4,2026-04-06 02:24:09.814086+00
cd2289d2-7e99-4216-b810-0ff39b3e704a,3d3498a4-2cb9-46cc-a1c2-2cb731ca4d02,49f48e02-6af0-4107-8f27-29f67efc4c3a,2,10,2026-02-08 20:06:14.425546+00
cd2e03d9-93f6-4396-8ac1-c5d73de3c895,3d3498a4-2cb9-46cc-a1c2-2cb731ca4d02,c2011527-da58-4568-97f9-ec5c223ead8e,1,6,2026-02-08 20:06:14.425546+00
cd41e542-38e0-4cc3-a2bf-a483e241cd41,3715512f-bc25-48aa-a319-f9b2ffc2fb15,182f8371-048a-4f6e-b95d-149f368c3c44,1,4,2025-10-27 01:59:34.334362+00
cd701625-336b-4fe0-8a62-d78f79a2b7e6,284571ab-f355-476f-841c-8d84cf3fc188,9a205562-9e06-49d8-865b-a0dfb3de0b20,0,5,2025-09-15 00:20:33.877931+00
cd80e42b-b23f-4a39-be3c-11e81e6b5f06,12df5536-e3fd-44e8-a289-169153a0f1df,3d18f1c8-de23-4c6d-b843-8241da5d994e,0,3,2026-02-23 22:30:35.650949+00
ce09c682-f783-48f5-a2d7-354f3a87fd22,3715512f-bc25-48aa-a319-f9b2ffc2fb15,ceb258ce-454a-4b5f-9321-73fd28390495,1,6,2025-10-27 01:59:34.334362+00
ce1f25dc-a947-40c7-8830-19bdba0a5557,28c25bca-56fb-487b-b335-f02e00863c6b,584d969b-f2c5-4e89-a226-9d5d47bebe23,1,9,2025-08-26 00:30:53.12888+00
ce40b022-014a-413a-93c0-5423099296dc,7be0759a-59c6-4da1-be13-e876a9051907,4f4c26c5-21c6-4a45-b9ab-141ea2936063,1,7,2025-10-21 00:14:04.11767+00
ce632b57-0025-4fef-8a65-86985f5ab91c,dbca26f6-24f8-4b2b-ae21-363e5a3a3801,857f0ddb-bbf7-490f-89e7-c393913d1937,0,5,2026-04-14 00:51:56.113606+00
ce798339-1488-4446-b1f9-034e0910fdf0,b8e9c830-4504-4e15-9aba-2cf1e3b2de9d,78c6e1c2-6f06-4cf7-8a82-54f62c0e9504,1,8,2026-01-05 01:20:32.782065+00
cea9486a-5ec6-4c1c-a449-a798ee41bc2c,7be0759a-59c6-4da1-be13-e876a9051907,f3b179ce-265d-4bf0-8c6c-a641504ea802,0,5,2025-10-21 00:14:04.11767+00
ceb57e83-4aa5-41c6-8c7e-981636ae13f1,00c76044-16a0-4acf-a0a5-8de00e9cbc06,b782ca87-97a5-4e94-96b3-fda9d7a93d5d,0,5,2025-12-16 01:50:33.561015+00
cebe41fe-5fb2-49f0-bcf5-a10f8874d2c9,7be0759a-59c6-4da1-be13-e876a9051907,49f48e02-6af0-4107-8f27-29f67efc4c3a,0,3,2025-10-21 00:14:04.11767+00
cf31358f-38ee-4501-ae06-8a45f5ca72da,3715512f-bc25-48aa-a319-f9b2ffc2fb15,abe5e91c-2516-47f8-98a7-2b1e70ab13b1,1,7,2025-10-27 01:59:34.334362+00
cf5fd7a8-9a80-4881-b5db-9639e97eb151,7d6130ac-980a-4352-8ec0-29a06643525e,7151cae2-f54e-4f88-9e6a-8ab7fe755160,0,5,2026-01-12 01:11:49.843879+00
cf648617-985c-48f5-a760-8a91474bfbe3,dbca26f6-24f8-4b2b-ae21-363e5a3a3801,78c6e1c2-6f06-4cf7-8a82-54f62c0e9504,1,8,2026-04-14 00:51:56.113606+00
cf736036-d3fd-436d-bf5d-78b887a08c35,b0768a69-dec7-4af7-b170-19230fdc82ab,ceb258ce-454a-4b5f-9321-73fd28390495,2,8,2026-01-27 00:50:39.268387+00
cfac3636-4160-4983-9958-d28261f2dd65,d8d2e264-f062-4c84-bc77-cf67da4c3bf5,3d18f1c8-de23-4c6d-b843-8241da5d994e,0,3,2025-09-01 12:27:12.189666+00
cfd23d7d-fb2b-4bbf-bd92-0ca712267e45,3ea490f3-3471-4c91-b539-2dde6cbff1da,71913bf1-3c89-4850-a771-b807bac56136,0,5,2026-03-02 04:46:03.347595+00
cfd58f7f-5c1b-404a-a6ac-05dac2124fd3,7f04d06c-ca42-403e-8bc7-194f0a0c631a,8ed10184-c01b-4913-be71-bf7b48b8163a,0,1,2025-12-01 00:26:08.076072+00
cfd71ed5-e3e7-4251-bbca-a2d126678c54,28da2862-f00a-44dd-8ab5-a48849d53245,8ed10184-c01b-4913-be71-bf7b48b8163a,1,7,2025-11-04 02:39:26.20676+00
cfd763ad-99c0-43e5-852e-8313b1bff271,d6d48c4a-c6a6-4149-a03a-6a45d592346a,71913bf1-3c89-4850-a771-b807bac56136,0,6,2026-04-06 02:24:09.814086+00
cfe2b1a3-557e-4767-8b80-9f0cc6eee653,dbca26f6-24f8-4b2b-ae21-363e5a3a3801,49f48e02-6af0-4107-8f27-29f67efc4c3a,1,9,2026-04-14 00:51:56.113606+00
cffabb7a-bcfc-45e5-9d03-8ff6aa4afdb7,5e429b8e-0feb-41e8-a512-cd6ae112b657,b782ca87-97a5-4e94-96b3-fda9d7a93d5d,1,6,2026-03-23 01:11:21.652233+00
d0223e02-652c-48ef-ac13-43a6b1c2b2af,435af285-efb9-47f0-a3b5-aa47b7b78b56,e04c559e-ca37-400e-b70d-64cc03eb3361,2,9,2025-11-25 02:24:54.186745+00
d04268a3-5d9e-4319-9da6-72d44628f469,284571ab-f355-476f-841c-8d84cf3fc188,e2ffaf02-f17f-4be3-b3ee-651d39315af1,0,6,2025-09-15 00:20:33.877931+00
d159f89f-104a-45a8-8141-e1b358752d54,28c25bca-56fb-487b-b335-f02e00863c6b,f3b179ce-265d-4bf0-8c6c-a641504ea802,1,7,2025-08-26 00:30:53.12888+00
d176bae1-16a5-4350-ad63-e0ff9b7ba194,00c76044-16a0-4acf-a0a5-8de00e9cbc06,c8b7ea0d-f644-44ff-b89b-a0e352ff3cec,2,12,2025-12-16 01:50:33.561015+00
d1bc73f1-85bf-4f5b-8512-997ea3d8b4c8,7577e1cd-1ba9-4266-acbc-d2d0027002a7,eb3628cb-9a74-4281-bc9f-ebff66ae268e,0,3,2026-02-03 01:52:01.382171+00
d1cdf85b-845b-411c-9c48-2dad382c6fc8,3d3498a4-2cb9-46cc-a1c2-2cb731ca4d02,6bf245f8-9743-4b7b-ab78-dc0cdd591c6c,1,7,2026-02-08 20:06:14.425546+00
d1dbf8b4-aa15-4127-b8bb-36f85abcd691,13b78ddf-4433-4e30-b3b2-d3295f7086df,6bf245f8-9743-4b7b-ab78-dc0cdd591c6c,2,12,2026-04-28 00:32:56.868999+00
d249e0d5-f578-4917-bb59-69a796f97d97,d6d48c4a-c6a6-4149-a03a-6a45d592346a,abe5e91c-2516-47f8-98a7-2b1e70ab13b1,0,4,2026-04-06 02:24:09.814086+00
d263ae38-fc15-4c3c-9d2d-65803350dbb2,6321df99-8fc5-4465-a345-4e85e454e8cc,e04c559e-ca37-400e-b70d-64cc03eb3361,0,4,2025-09-22 12:27:57.199993+00
d26bf205-d8db-4ccb-86ae-17c8ba6ba33b,7d6130ac-980a-4352-8ec0-29a06643525e,e2ffaf02-f17f-4be3-b3ee-651d39315af1,1,6,2026-01-12 01:11:49.843879+00
d27dab99-97f9-4af7-ba2f-2afeb2f5bf06,3fbb2bf0-cef3-48b2-9d04-ecba8bd4165b,66022633-1ced-4920-a431-b74b54e98345,0,3,2025-09-30 00:21:43.959007+00
d2a0bff8-350d-4b3d-a79e-414b894dfd6f,3ea490f3-3471-4c91-b539-2dde6cbff1da,abe5e91c-2516-47f8-98a7-2b1e70ab13b1,0,4,2026-03-02 04:46:03.347595+00
d2aa488a-df26-4074-9d9c-2db0580e0466,e1083685-268d-4376-bbc8-14fe74194d46,c8b7ea0d-f644-44ff-b89b-a0e352ff3cec,1,8,2025-08-18 23:21:21.195482+00
d2d4e956-81e4-4538-bef0-62bc9e04cd3a,d77ab4fc-0b5e-46dc-8403-2c02eb802dd6,49f48e02-6af0-4107-8f27-29f67efc4c3a,1,7,2025-10-05 23:57:44.019951+00
d329148e-d63a-4a17-a743-b10930e87ed9,13b78ddf-4433-4e30-b3b2-d3295f7086df,857f0ddb-bbf7-490f-89e7-c393913d1937,0,6,2026-04-28 00:32:56.868999+00
d354e220-623b-4cf6-8ecd-00883b132233,37bc4415-6386-4c1c-9a8b-453802fa72e1,ceb258ce-454a-4b5f-9321-73fd28390495,4,13,2025-12-29 01:10:50.647344+00
d3a2b1a2-f568-4d67-93cc-ab65ec027a36,e4227354-b5dd-4f39-8e72-213393a8c485,182f8371-048a-4f6e-b95d-149f368c3c44,1,5,2026-03-10 03:14:51.526527+00
d3c1e29f-41d0-450a-9b7b-9a38d5098ac3,f71b04ba-1da6-4037-bec6-7cdcab0fa7f3,e28417e9-f154-4f39-bf0d-86cb6a1abc32,1,6,2026-05-05 01:29:16.763626+00
d401612e-40ec-46ef-9d75-7791bbef08f8,d7a991ce-94f4-44a6-9e3a-bda9babd7e11,3d18f1c8-de23-4c6d-b843-8241da5d994e,1,7,2025-12-09 02:15:48.500643+00
d40a099d-18f3-4b82-a685-5d2740ff0fe3,d8d2e264-f062-4c84-bc77-cf67da4c3bf5,4f4c26c5-21c6-4a45-b9ab-141ea2936063,1,4,2025-09-01 12:27:12.189666+00
d427ad6a-9bb1-429c-a05b-336e271e8ac5,f71b04ba-1da6-4037-bec6-7cdcab0fa7f3,f3b179ce-265d-4bf0-8c6c-a641504ea802,1,8,2026-05-05 01:29:16.763626+00
d429c353-07a2-47ac-b24c-644d41e05ee3,d6d48c4a-c6a6-4149-a03a-6a45d592346a,95f43b8d-de0d-4dd2-a9bb-0cdfe02e247a,0,3,2026-04-06 02:24:09.814086+00
d432f298-c6e3-4c0f-a392-017525d2bf28,e4227354-b5dd-4f39-8e72-213393a8c485,78c6e1c2-6f06-4cf7-8a82-54f62c0e9504,2,11,2026-03-10 03:14:51.526527+00
d441561d-f4f5-446d-8585-e936ee723edf,f71b04ba-1da6-4037-bec6-7cdcab0fa7f3,182f8371-048a-4f6e-b95d-149f368c3c44,0,1,2026-05-05 01:29:16.763626+00
d445717b-18b6-4ce8-bb33-a4569c01113a,d7a991ce-94f4-44a6-9e3a-bda9babd7e11,6e5a68ef-c26c-4776-8f8c-7f3c22bc3f06,1,8,2025-12-09 02:15:48.500643+00
d52ac5c1-3e48-49fb-8645-ed247e24aa34,b8e9c830-4504-4e15-9aba-2cf1e3b2de9d,6e5a68ef-c26c-4776-8f8c-7f3c22bc3f06,1,7,2026-01-05 01:20:32.782065+00
d5822506-0a3a-43aa-a38a-43b836cbf712,12df5536-e3fd-44e8-a289-169153a0f1df,f9aa08c8-da66-4064-a39a-3225dadaa1d0,1,6,2026-02-23 22:30:35.650949+00
d582d5d2-e7bb-475a-989d-0c790d6ac994,83060e08-aa40-4cdb-b07e-9690e6ec77c9,abe5e91c-2516-47f8-98a7-2b1e70ab13b1,1,6,2026-04-20 23:41:11.10958+00
d5aba6c7-965c-405a-9754-096d4eea14be,284571ab-f355-476f-841c-8d84cf3fc188,a98cac4a-9401-4a97-b8e6-93a7caee47e9,1,9,2025-09-15 00:20:33.877931+00
d5dcf4d3-15d1-47b9-81b3-c5ed3fd2e23f,7d6130ac-980a-4352-8ec0-29a06643525e,c4d0c372-0a8c-445d-9994-fe871e8eb544,1,6,2026-01-12 01:11:49.843879+00
d5ddee9e-504d-43fc-aaea-def7e649af26,7f04d06c-ca42-403e-8bc7-194f0a0c631a,6a57188f-50ad-4d66-88e5-64236a293c32,0,4,2025-12-01 00:26:08.076072+00
d5df2864-727e-4ae1-96a4-a5ea42e7db89,d77ab4fc-0b5e-46dc-8403-2c02eb802dd6,46a30c5e-11ff-4c44-aa31-29a606850f82,0,2,2025-10-05 23:57:44.019951+00
d6063ba4-04f6-45b0-9924-97c099e6e12f,6321df99-8fc5-4465-a345-4e85e454e8cc,e28417e9-f154-4f39-bf0d-86cb6a1abc32,1,6,2025-09-22 12:27:57.199993+00
d6521cb2-7076-4da6-b8b2-47b4c38ef847,db3a5288-ba3c-4edf-96b7-6d7bc46e834c,c4d0c372-0a8c-445d-9994-fe871e8eb544,1,6,2026-03-17 03:06:23.412534+00
d6807585-6d12-4ff1-a9f5-b04e76fbd746,d6d48c4a-c6a6-4149-a03a-6a45d592346a,c4d0c372-0a8c-445d-9994-fe871e8eb544,2,12,2026-04-06 02:24:09.814086+00
d69ef47f-5213-4e68-ad07-527c82075c4e,d7a991ce-94f4-44a6-9e3a-bda9babd7e11,78c6e1c2-6f06-4cf7-8a82-54f62c0e9504,1,5,2025-12-09 02:15:48.500643+00
d6c48318-c708-470f-8da7-e92a017baccb,3d3498a4-2cb9-46cc-a1c2-2cb731ca4d02,3d18f1c8-de23-4c6d-b843-8241da5d994e,1,5,2026-02-08 20:06:14.425546+00
d6d0f493-efb7-4e84-b448-a8cf011a914d,ef99d1e9-75a3-4c2a-9ab3-48604f86b4fa,3d18f1c8-de23-4c6d-b843-8241da5d994e,1,9,2026-02-17 01:04:46.058986+00
d6f1cdd6-7e18-48c4-988d-be6822b66d05,13b78ddf-4433-4e30-b3b2-d3295f7086df,25472e3e-4928-440c-84a8-ed85a6e4cf34,0,0,2026-04-28 00:32:56.868999+00
d6fc2302-db19-4cef-ab93-0271c814accd,435af285-efb9-47f0-a3b5-aa47b7b78b56,46a30c5e-11ff-4c44-aa31-29a606850f82,2,9,2025-11-25 02:24:54.186745+00
d7088c09-2453-4f35-a733-97653025afc4,28da2862-f00a-44dd-8ab5-a48849d53245,c4d0c372-0a8c-445d-9994-fe871e8eb544,1,7,2025-11-04 02:39:26.20676+00
d734e3e7-a47c-4e43-bc56-86ad97067a8c,d8d2e264-f062-4c84-bc77-cf67da4c3bf5,6a57188f-50ad-4d66-88e5-64236a293c32,0,2,2025-09-01 12:27:12.189666+00
d76ea132-6999-46c2-a7b3-3142a214ee71,976d2b52-ae86-4db2-a398-bb57fbbaeb87,584d969b-f2c5-4e89-a226-9d5d47bebe23,1,7,2026-01-20 01:32:39.849929+00
d7badfb1-2957-4928-a315-1c36b5ab709f,00c76044-16a0-4acf-a0a5-8de00e9cbc06,eb3628cb-9a74-4281-bc9f-ebff66ae268e,1,9,2025-12-16 01:50:33.561015+00
d7ed2d7a-099f-4fbb-9e43-37bb0edef5be,d7a991ce-94f4-44a6-9e3a-bda9babd7e11,7151cae2-f54e-4f88-9e6a-8ab7fe755160,0,5,2025-12-09 02:15:48.500643+00
d8f972b2-448a-4b6d-b10d-1d9f5e9895b4,00c76044-16a0-4acf-a0a5-8de00e9cbc06,c4d0c372-0a8c-445d-9994-fe871e8eb544,0,6,2025-12-16 01:50:33.561015+00
d8fa58dd-526a-4089-b21e-626419307348,d8d2e264-f062-4c84-bc77-cf67da4c3bf5,eff7bddc-a865-47c4-95fb-fe4116d8c288,2,9,2025-09-01 12:27:12.189666+00
d9371f7c-6b8e-43da-ba6e-a0af9197cdae,d7a991ce-94f4-44a6-9e3a-bda9babd7e11,eb3628cb-9a74-4281-bc9f-ebff66ae268e,0,4,2025-12-09 02:15:48.500643+00
d9b199f5-dd73-4b8f-bbf5-da0b911e8026,6321df99-8fc5-4465-a345-4e85e454e8cc,e2ffaf02-f17f-4be3-b3ee-651d39315af1,3,12,2025-09-22 12:27:57.199993+00
da542308-e118-44e5-a82f-852a3e918dbd,12df5536-e3fd-44e8-a289-169153a0f1df,6a57188f-50ad-4d66-88e5-64236a293c32,0,4,2026-02-23 22:30:35.650949+00
da9b23a6-39bb-454a-80d2-b6e0bafcb739,d77ab4fc-0b5e-46dc-8403-2c02eb802dd6,e28417e9-f154-4f39-bf0d-86cb6a1abc32,2,12,2025-10-05 23:57:44.019951+00
db81a7a3-d875-4979-b3a5-64f3ad32c888,3d3498a4-2cb9-46cc-a1c2-2cb731ca4d02,e28417e9-f154-4f39-bf0d-86cb6a1abc32,0,4,2026-02-08 20:06:14.425546+00
db91371c-e117-466d-8a6c-02a61ef44d6e,e4227354-b5dd-4f39-8e72-213393a8c485,abe5e91c-2516-47f8-98a7-2b1e70ab13b1,1,5,2026-03-10 03:14:51.526527+00
db9a9326-fd01-45b8-8fb9-88c191a2d407,39344544-7804-4c1d-a17b-a1aff7a7f869,6e5a68ef-c26c-4776-8f8c-7f3c22bc3f06,0,7,2025-11-10 03:54:43.745207+00
dbbc5c0f-a6cc-49f0-9878-d07d3bff50fd,7577e1cd-1ba9-4266-acbc-d2d0027002a7,49f48e02-6af0-4107-8f27-29f67efc4c3a,0,5,2026-02-03 01:52:01.382171+00
dc4a6f6b-0b71-4b9a-8e83-7862005bd5db,ef99d1e9-75a3-4c2a-9ab3-48604f86b4fa,46a30c5e-11ff-4c44-aa31-29a606850f82,0,6,2026-02-17 01:04:46.058986+00
dc5b3622-6fe4-4928-92c0-777bc52be1a4,6321df99-8fc5-4465-a345-4e85e454e8cc,eb3628cb-9a74-4281-bc9f-ebff66ae268e,2,7,2025-09-22 12:27:57.199993+00
dcbf290c-43f3-4076-9ed6-d04472c81d6c,83060e08-aa40-4cdb-b07e-9690e6ec77c9,49f48e02-6af0-4107-8f27-29f67efc4c3a,1,8,2026-04-20 23:41:11.10958+00
dd106d75-5ebe-46df-9889-ac03c5ae58dc,d6d48c4a-c6a6-4149-a03a-6a45d592346a,4f4c26c5-21c6-4a45-b9ab-141ea2936063,0,3,2026-04-06 02:24:09.814086+00
dd629f1a-42cc-4378-9966-3a390df2d5ef,3715512f-bc25-48aa-a319-f9b2ffc2fb15,78c6e1c2-6f06-4cf7-8a82-54f62c0e9504,1,8,2025-10-27 01:59:34.334362+00
dda9f188-455b-4bc7-b3d9-0b299b4a7d32,f71b04ba-1da6-4037-bec6-7cdcab0fa7f3,4f4c26c5-21c6-4a45-b9ab-141ea2936063,0,4,2026-05-05 01:29:16.763626+00
de471c6f-b0e7-4867-8d1a-0846aa83e42c,ef99d1e9-75a3-4c2a-9ab3-48604f86b4fa,6a57188f-50ad-4d66-88e5-64236a293c32,0,6,2026-02-17 01:04:46.058986+00
dedac2da-0bd3-466f-8997-91dcad6a3558,435af285-efb9-47f0-a3b5-aa47b7b78b56,6e5a68ef-c26c-4776-8f8c-7f3c22bc3f06,2,9,2025-11-25 02:24:54.186745+00
deed3089-caee-4d69-90d0-879d3823ceb5,28da2862-f00a-44dd-8ab5-a48849d53245,eff7bddc-a865-47c4-95fb-fe4116d8c288,0,5,2025-11-04 02:39:26.20676+00
def6565e-0424-4ef8-ace7-83ba34d77d81,435af285-efb9-47f0-a3b5-aa47b7b78b56,abe5e91c-2516-47f8-98a7-2b1e70ab13b1,3,13,2025-11-25 02:24:54.186745+00
df4bbd06-c957-45b5-b344-c964cb10c865,5e429b8e-0feb-41e8-a512-cd6ae112b657,f3b179ce-265d-4bf0-8c6c-a641504ea802,0,1,2026-03-23 01:11:21.652233+00
df741580-bc55-4bc7-8ca0-0d1e1280e65c,5e429b8e-0feb-41e8-a512-cd6ae112b657,e04c559e-ca37-400e-b70d-64cc03eb3361,0,2,2026-03-23 01:11:21.652233+00
dfdf4640-941a-46b5-9fd5-0b7f76e194d0,3715512f-bc25-48aa-a319-f9b2ffc2fb15,f3b179ce-265d-4bf0-8c6c-a641504ea802,1,6,2025-10-27 01:59:34.334362+00
dfe6d2b0-f08f-4377-af26-822379abd5ba,dbca26f6-24f8-4b2b-ae21-363e5a3a3801,eff7bddc-a865-47c4-95fb-fe4116d8c288,2,13,2026-04-14 00:51:56.113606+00
e082c301-fb87-4934-8c10-c74531e61032,435af285-efb9-47f0-a3b5-aa47b7b78b56,9a205562-9e06-49d8-865b-a0dfb3de0b20,0,4,2025-11-25 02:24:54.186745+00
e083152a-e36e-4092-9309-9181962ae223,435af285-efb9-47f0-a3b5-aa47b7b78b56,25472e3e-4928-440c-84a8-ed85a6e4cf34,1,6,2025-11-25 02:24:54.186745+00
e121693e-4d4e-4fcb-9610-627be111c95d,13b78ddf-4433-4e30-b3b2-d3295f7086df,71913bf1-3c89-4850-a771-b807bac56136,1,7,2026-04-28 00:32:56.868999+00
e17dae12-7824-481d-8743-96f307e25299,3715512f-bc25-48aa-a319-f9b2ffc2fb15,3d18f1c8-de23-4c6d-b843-8241da5d994e,2,8,2025-10-27 01:59:34.334362+00
e1d7a9a8-5184-45a5-8467-923db155fcf5,e4227354-b5dd-4f39-8e72-213393a8c485,c4d0c372-0a8c-445d-9994-fe871e8eb544,1,7,2026-03-10 03:14:51.526527+00
e208a7e5-b933-422f-a5d3-238f68db9099,d6d48c4a-c6a6-4149-a03a-6a45d592346a,e28417e9-f154-4f39-bf0d-86cb6a1abc32,2,8,2026-04-06 02:24:09.814086+00
e25a62b1-e891-41ed-92cd-fb2aed285ea5,7be0759a-59c6-4da1-be13-e876a9051907,e28417e9-f154-4f39-bf0d-86cb6a1abc32,0,6,2025-10-21 00:14:04.11767+00
e25c3ce0-2ee1-4823-a94e-6488784e2116,00c76044-16a0-4acf-a0a5-8de00e9cbc06,25472e3e-4928-440c-84a8-ed85a6e4cf34,0,2,2025-12-16 01:50:33.561015+00
e2adde43-ff40-4abd-9ffe-579182de694f,12df5536-e3fd-44e8-a289-169153a0f1df,584d969b-f2c5-4e89-a226-9d5d47bebe23,0,4,2026-02-23 22:30:35.650949+00
e2ffe7d5-400d-4059-8ff9-a14ce710a4c0,dbca26f6-24f8-4b2b-ae21-363e5a3a3801,8ed10184-c01b-4913-be71-bf7b48b8163a,2,10,2026-04-14 00:51:56.113606+00
e30d7b80-e61e-422d-8361-dbe0e9d816bd,e1083685-268d-4376-bbc8-14fe74194d46,4f4c26c5-21c6-4a45-b9ab-141ea2936063,0,5,2025-08-18 23:21:21.195482+00
e34a3676-99ba-4d7d-8b5a-be48f2c76e09,7577e1cd-1ba9-4266-acbc-d2d0027002a7,857f0ddb-bbf7-490f-89e7-c393913d1937,1,7,2026-02-03 01:52:01.382171+00
e35f2c76-e21a-41f2-8bc6-618edde1df6d,00c76044-16a0-4acf-a0a5-8de00e9cbc06,3d18f1c8-de23-4c6d-b843-8241da5d994e,1,7,2025-12-16 01:50:33.561015+00
e382a359-ef83-4dc5-9ff7-d4932cd2e9f1,f71b04ba-1da6-4037-bec6-7cdcab0fa7f3,46a30c5e-11ff-4c44-aa31-29a606850f82,0,2,2026-05-05 01:29:16.763626+00
e3af7aaf-2437-41ca-8671-8b9666e41ca8,b0768a69-dec7-4af7-b170-19230fdc82ab,49f48e02-6af0-4107-8f27-29f67efc4c3a,1,5,2026-01-27 00:50:39.268387+00
e43707fe-570a-46e9-b057-c2904515a7b8,7d6130ac-980a-4352-8ec0-29a06643525e,c8b7ea0d-f644-44ff-b89b-a0e352ff3cec,0,5,2026-01-12 01:11:49.843879+00
e4444176-826b-4ff4-a1cf-e1590b4a09a5,12df5536-e3fd-44e8-a289-169153a0f1df,4f4c26c5-21c6-4a45-b9ab-141ea2936063,0,4,2026-02-23 22:30:35.650949+00
e47c7b06-73ec-4ae5-bc82-335b144af65a,b8e9c830-4504-4e15-9aba-2cf1e3b2de9d,4f4c26c5-21c6-4a45-b9ab-141ea2936063,2,10,2026-01-05 01:20:32.782065+00
e4846ac9-e874-4f53-836a-310b992188ab,435af285-efb9-47f0-a3b5-aa47b7b78b56,f3b179ce-265d-4bf0-8c6c-a641504ea802,1,6,2025-11-25 02:24:54.186745+00
e4a31ea4-3369-4966-af02-8071b9a1330e,7577e1cd-1ba9-4266-acbc-d2d0027002a7,9a205562-9e06-49d8-865b-a0dfb3de0b20,1,9,2026-02-03 01:52:01.382171+00
e51266ab-39f2-497e-b29e-a57f3c9a9eaa,284571ab-f355-476f-841c-8d84cf3fc188,95f43b8d-de0d-4dd2-a9bb-0cdfe02e247a,0,6,2025-09-15 00:20:33.877931+00
e5168221-55ef-47ac-ae21-bf61b7b3f8c5,634bef0a-8a4f-4bb4-a7cc-79a5ec61e5cb,e28417e9-f154-4f39-bf0d-86cb6a1abc32,0,5,2025-12-23 02:13:34.5906+00
e5580ced-cfa3-42c9-93a8-372e95fe5f9b,28da2862-f00a-44dd-8ab5-a48849d53245,6bf245f8-9743-4b7b-ab78-dc0cdd591c6c,1,9,2025-11-04 02:39:26.20676+00
e561ddaa-8d90-4813-8894-3f116b2a7c5f,00c76044-16a0-4acf-a0a5-8de00e9cbc06,298651b6-b5d4-4875-a636-799edae79a84,1,8,2025-12-16 01:50:33.561015+00
e5e30e86-f00c-4ef5-b041-118880548fac,28c25bca-56fb-487b-b335-f02e00863c6b,3d18f1c8-de23-4c6d-b843-8241da5d994e,1,5,2025-08-26 00:30:53.12888+00
e6378450-338f-434a-92f5-fb8dfac270b1,d7a991ce-94f4-44a6-9e3a-bda9babd7e11,abe5e91c-2516-47f8-98a7-2b1e70ab13b1,1,6,2025-12-09 02:15:48.500643+00
e6679090-82a4-4624-b3ff-be3a7b3bce67,39344544-7804-4c1d-a17b-a1aff7a7f869,eff7bddc-a865-47c4-95fb-fe4116d8c288,1,4,2025-11-10 03:54:43.745207+00
e6793934-8613-4f88-a21b-0c33ab5acf90,6321df99-8fc5-4465-a345-4e85e454e8cc,3d18f1c8-de23-4c6d-b843-8241da5d994e,1,4,2025-09-22 12:27:57.199993+00
e6b177a5-5024-4316-b74e-caa52ac568e3,28da2862-f00a-44dd-8ab5-a48849d53245,857f0ddb-bbf7-490f-89e7-c393913d1937,0,3,2025-11-04 02:39:26.20676+00
e6dbc83d-e8d9-465f-a11b-c7196c242a5a,5e429b8e-0feb-41e8-a512-cd6ae112b657,7151cae2-f54e-4f88-9e6a-8ab7fe755160,1,6,2026-03-23 01:11:21.652233+00
e70e5a1c-2ef0-4a57-b7da-9cbaed7ea7de,976d2b52-ae86-4db2-a398-bb57fbbaeb87,25472e3e-4928-440c-84a8-ed85a6e4cf34,2,8,2026-01-20 01:32:39.849929+00
e74768c5-5a96-4993-a2f6-b3b6ad89640d,7577e1cd-1ba9-4266-acbc-d2d0027002a7,4f4c26c5-21c6-4a45-b9ab-141ea2936063,0,5,2026-02-03 01:52:01.382171+00
e778d19f-2ad8-4a9e-b176-c3c3073b66f3,37bc4415-6386-4c1c-9a8b-453802fa72e1,c2011527-da58-4568-97f9-ec5c223ead8e,0,4,2025-12-29 01:10:50.647344+00
e7ad2a1e-e0a2-4f67-8c0f-a537ac2adc21,7577e1cd-1ba9-4266-acbc-d2d0027002a7,e28417e9-f154-4f39-bf0d-86cb6a1abc32,1,9,2026-02-03 01:52:01.382171+00
e7f9700b-ae12-4306-8f7b-8f21b0deffec,00c76044-16a0-4acf-a0a5-8de00e9cbc06,abe5e91c-2516-47f8-98a7-2b1e70ab13b1,0,5,2025-12-16 01:50:33.561015+00
e813fb07-08d3-44f1-836c-3e422f2548d6,e1083685-268d-4376-bbc8-14fe74194d46,e28417e9-f154-4f39-bf0d-86cb6a1abc32,0,4,2025-08-18 23:21:21.195482+00
e863931a-78a6-40f7-bc69-628b9979039a,13b78ddf-4433-4e30-b3b2-d3295f7086df,eb3628cb-9a74-4281-bc9f-ebff66ae268e,0,0,2026-04-28 00:32:56.868999+00
e87bdb50-ae04-459d-81e7-9859e52c1d75,ef99d1e9-75a3-4c2a-9ab3-48604f86b4fa,182f8371-048a-4f6e-b95d-149f368c3c44,2,11,2026-02-17 01:04:46.058986+00
e888e3c0-44d5-42f5-b003-a413d09540d6,d7a991ce-94f4-44a6-9e3a-bda9babd7e11,f9410110-ec63-4a83-ad54-2b5df48b9140,3,14,2025-12-09 02:15:48.500643+00
e890284d-280f-4cdc-8818-1b76b7bcd4fe,976d2b52-ae86-4db2-a398-bb57fbbaeb87,8ed10184-c01b-4913-be71-bf7b48b8163a,1,4,2026-01-20 01:32:39.849929+00
e9ad3edf-29e4-45aa-af9e-d1102f213d5b,3715512f-bc25-48aa-a319-f9b2ffc2fb15,9a205562-9e06-49d8-865b-a0dfb3de0b20,1,7,2025-10-27 01:59:34.334362+00
e9e28c61-2cf2-4e5f-b0c3-58b0b32a6f10,634bef0a-8a4f-4bb4-a7cc-79a5ec61e5cb,b782ca87-97a5-4e94-96b3-fda9d7a93d5d,1,8,2025-12-23 02:13:34.5906+00
e9f26eb1-6ec2-428c-a9e3-0f84912a1670,634bef0a-8a4f-4bb4-a7cc-79a5ec61e5cb,f3b179ce-265d-4bf0-8c6c-a641504ea802,0,3,2025-12-23 02:13:34.5906+00
ea0e7fac-1971-494f-b75e-aeb89adbd74f,7be0759a-59c6-4da1-be13-e876a9051907,857f0ddb-bbf7-490f-89e7-c393913d1937,0,5,2025-10-21 00:14:04.11767+00
ea21c1bd-fb89-4617-8130-9ef10263a733,7f04d06c-ca42-403e-8bc7-194f0a0c631a,4f4c26c5-21c6-4a45-b9ab-141ea2936063,0,4,2025-12-01 00:26:08.076072+00
eac26f76-8cb8-4fea-8f23-30df8e1a3ef4,12df5536-e3fd-44e8-a289-169153a0f1df,c8b7ea0d-f644-44ff-b89b-a0e352ff3cec,0,4,2026-02-23 22:30:35.650949+00
eadfa291-8508-4a5d-bb91-d3873b8046af,39344544-7804-4c1d-a17b-a1aff7a7f869,8ed10184-c01b-4913-be71-bf7b48b8163a,0,5,2025-11-10 03:54:43.745207+00
eae3456b-bf7a-43ef-8b0a-baf0d98f2f70,3ea490f3-3471-4c91-b539-2dde6cbff1da,8ed10184-c01b-4913-be71-bf7b48b8163a,2,9,2026-03-02 04:46:03.347595+00
eb367b09-b250-40b6-8f6a-528cc71e222c,d77ab4fc-0b5e-46dc-8403-2c02eb802dd6,71913bf1-3c89-4850-a771-b807bac56136,0,5,2025-10-05 23:57:44.019951+00
eb63f206-4f91-487b-ad29-0bfcdef72799,6321df99-8fc5-4465-a345-4e85e454e8cc,9a205562-9e06-49d8-865b-a0dfb3de0b20,3,11,2025-09-22 12:27:57.199993+00
eb717013-beb1-4c51-b97b-d66d4a22d598,435af285-efb9-47f0-a3b5-aa47b7b78b56,78c6e1c2-6f06-4cf7-8a82-54f62c0e9504,1,7,2025-11-25 02:24:54.186745+00
eb927e4b-49b9-4739-8e1b-e5e4da472b50,39344544-7804-4c1d-a17b-a1aff7a7f869,25472e3e-4928-440c-84a8-ed85a6e4cf34,1,7,2025-11-10 03:54:43.745207+00
eb9fb28c-2ce2-46ab-9dba-92e7279585d2,13b78ddf-4433-4e30-b3b2-d3295f7086df,abe5e91c-2516-47f8-98a7-2b1e70ab13b1,0,3,2026-04-28 00:32:56.868999+00
ebca6b7d-f899-4266-bccd-539796c583f2,3715512f-bc25-48aa-a319-f9b2ffc2fb15,6a57188f-50ad-4d66-88e5-64236a293c32,1,6,2025-10-27 01:59:34.334362+00
ebce1f03-d5cf-4947-8b6f-4ff19b23b118,e1083685-268d-4376-bbc8-14fe74194d46,e2ffaf02-f17f-4be3-b3ee-651d39315af1,1,7,2025-08-18 23:21:21.195482+00
ebfb4263-4966-4dd2-a0b5-9541f6e75324,f71b04ba-1da6-4037-bec6-7cdcab0fa7f3,6a57188f-50ad-4d66-88e5-64236a293c32,2,13,2026-05-05 01:29:16.763626+00
ebfe535a-a352-4ec1-b53c-254c1ee182f7,3d3498a4-2cb9-46cc-a1c2-2cb731ca4d02,857f0ddb-bbf7-490f-89e7-c393913d1937,1,8,2026-02-08 20:06:14.425546+00
ec479c7b-c318-4fda-ae4d-216af55b3091,d7a991ce-94f4-44a6-9e3a-bda9babd7e11,71913bf1-3c89-4850-a771-b807bac56136,1,5,2025-12-09 02:15:48.500643+00
ed22a8e4-046a-4a5e-8b0c-df5356dbbdbe,6321df99-8fc5-4465-a345-4e85e454e8cc,c8b7ea0d-f644-44ff-b89b-a0e352ff3cec,0,3,2025-09-22 12:27:57.199993+00
ed650f98-4f28-4888-b30f-af88738fbaa6,6321df99-8fc5-4465-a345-4e85e454e8cc,182f8371-048a-4f6e-b95d-149f368c3c44,1,4,2025-09-22 12:27:57.199993+00
ed7d8880-9485-4ee4-ba4d-851799c08d71,b8e9c830-4504-4e15-9aba-2cf1e3b2de9d,49f48e02-6af0-4107-8f27-29f67efc4c3a,2,11,2026-01-05 01:20:32.782065+00
ee092531-a910-424d-a278-0396cf190482,00c76044-16a0-4acf-a0a5-8de00e9cbc06,78c6e1c2-6f06-4cf7-8a82-54f62c0e9504,0,6,2025-12-16 01:50:33.561015+00
ee1557d6-8070-485a-ba14-77df5cf63a82,b8e9c830-4504-4e15-9aba-2cf1e3b2de9d,25472e3e-4928-440c-84a8-ed85a6e4cf34,0,4,2026-01-05 01:20:32.782065+00
ee9f8f71-e7e0-4345-b46c-65dde865cb11,d77ab4fc-0b5e-46dc-8403-2c02eb802dd6,a98cac4a-9401-4a97-b8e6-93a7caee47e9,3,12,2025-10-05 23:57:44.019951+00
ef0c995a-5fa3-4298-b053-ed646b0525d1,e1083685-268d-4376-bbc8-14fe74194d46,f9410110-ec63-4a83-ad54-2b5df48b9140,0,4,2025-08-18 23:21:21.195482+00
ef39a9ce-ceb7-4efc-9217-4693d5da916f,5e429b8e-0feb-41e8-a512-cd6ae112b657,49f48e02-6af0-4107-8f27-29f67efc4c3a,1,6,2026-03-23 01:11:21.652233+00
ef413519-a45b-448f-b35b-854873056c0d,7be0759a-59c6-4da1-be13-e876a9051907,298651b6-b5d4-4875-a636-799edae79a84,0,1,2025-10-21 00:14:04.11767+00
f01bc317-b8bc-4a45-afb9-9d09ace76d13,db3a5288-ba3c-4edf-96b7-6d7bc46e834c,71913bf1-3c89-4850-a771-b807bac56136,1,4,2026-03-17 03:06:23.412534+00
f0b0e1fe-2480-4889-9568-7fb1abed58b4,7be0759a-59c6-4da1-be13-e876a9051907,c2011527-da58-4568-97f9-ec5c223ead8e,0,3,2025-10-21 00:14:04.11767+00
f0daef60-6e19-404c-8c4b-f16f21051d99,7be0759a-59c6-4da1-be13-e876a9051907,8ed10184-c01b-4913-be71-bf7b48b8163a,1,7,2025-10-21 00:14:04.11767+00
f0dc5b79-a025-42c7-bda5-01dc78b874f5,7d6130ac-980a-4352-8ec0-29a06643525e,6e5a68ef-c26c-4776-8f8c-7f3c22bc3f06,1,6,2026-01-12 01:11:49.843879+00
f17d32d2-5327-4326-8566-dd5330636826,d7a991ce-94f4-44a6-9e3a-bda9babd7e11,298651b6-b5d4-4875-a636-799edae79a84,1,8,2025-12-09 02:15:48.500643+00
f1bcd638-6e03-4bdd-b69a-e9bb45f56dc9,00c76044-16a0-4acf-a0a5-8de00e9cbc06,6a57188f-50ad-4d66-88e5-64236a293c32,0,4,2025-12-16 01:50:33.561015+00
f2598dda-5c49-4c07-ab23-279194f4b4c9,ef99d1e9-75a3-4c2a-9ab3-48604f86b4fa,857f0ddb-bbf7-490f-89e7-c393913d1937,1,8,2026-02-17 01:04:46.058986+00
f2b5bbb8-4064-41d7-8c9a-2795411deea7,39344544-7804-4c1d-a17b-a1aff7a7f869,71913bf1-3c89-4850-a771-b807bac56136,0,5,2025-11-10 03:54:43.745207+00
f2e61408-d2e4-4ead-874c-42a2865fbecc,83060e08-aa40-4cdb-b07e-9690e6ec77c9,c4d0c372-0a8c-445d-9994-fe871e8eb544,0,4,2026-04-20 23:41:11.10958+00
f2eedc77-dd1c-4af4-a14c-8bf4270c3cf1,7d6130ac-980a-4352-8ec0-29a06643525e,f3b179ce-265d-4bf0-8c6c-a641504ea802,2,9,2026-01-12 01:11:49.843879+00
f3084ee5-e653-4993-9275-4ef09ce58b8b,7d6130ac-980a-4352-8ec0-29a06643525e,584d969b-f2c5-4e89-a226-9d5d47bebe23,1,6,2026-01-12 01:11:49.843879+00
f32f24bd-efd5-48ec-8247-3402bd4e08ce,284571ab-f355-476f-841c-8d84cf3fc188,584d969b-f2c5-4e89-a226-9d5d47bebe23,1,7,2025-09-15 00:20:33.877931+00
f3a5b2bf-a819-4411-87ec-29ad0f4a5179,28da2862-f00a-44dd-8ab5-a48849d53245,f9aa08c8-da66-4064-a39a-3225dadaa1d0,0,8,2025-11-04 02:39:26.20676+00
f3fda41e-af0a-47da-80c8-fdf4373e9f28,284571ab-f355-476f-841c-8d84cf3fc188,c4d0c372-0a8c-445d-9994-fe871e8eb544,1,9,2025-09-15 00:20:33.877931+00
f3ff11eb-37ea-4888-80ed-5d26f126cef0,28c25bca-56fb-487b-b335-f02e00863c6b,ceb258ce-454a-4b5f-9321-73fd28390495,1,7,2025-08-26 00:30:53.12888+00
f422fc12-7c00-4336-9940-87a5f928957b,7577e1cd-1ba9-4266-acbc-d2d0027002a7,f3b179ce-265d-4bf0-8c6c-a641504ea802,1,8,2026-02-03 01:52:01.382171+00
f48c3d92-d2df-4358-b935-ea3d65c62ed2,28c25bca-56fb-487b-b335-f02e00863c6b,f9aa08c8-da66-4064-a39a-3225dadaa1d0,0,4,2025-08-26 00:30:53.12888+00
f4a9ffb3-75c1-4bad-bb33-95bf462384dd,db3a5288-ba3c-4edf-96b7-6d7bc46e834c,8ed10184-c01b-4913-be71-bf7b48b8163a,0,4,2026-03-17 03:06:23.412534+00
f4b11e69-d1ec-4a5d-bd67-f36aa1a8eef7,3d3498a4-2cb9-46cc-a1c2-2cb731ca4d02,46a30c5e-11ff-4c44-aa31-29a606850f82,0,4,2026-02-08 20:06:14.425546+00
f4bf1d85-af4a-4a8c-b23c-1c15b36e4aca,ef99d1e9-75a3-4c2a-9ab3-48604f86b4fa,584d969b-f2c5-4e89-a226-9d5d47bebe23,0,6,2026-02-17 01:04:46.058986+00
f4c4ccc0-5d0e-42eb-9ced-ddcff9e522ea,d7a991ce-94f4-44a6-9e3a-bda9babd7e11,f9aa08c8-da66-4064-a39a-3225dadaa1d0,0,6,2025-12-09 02:15:48.500643+00
f4dd46c9-bed6-42f7-8fee-bfaaf92f2673,39344544-7804-4c1d-a17b-a1aff7a7f869,e28417e9-f154-4f39-bf0d-86cb6a1abc32,0,7,2025-11-10 03:54:43.745207+00
f56beb9f-53c2-47cb-85ce-24d4ee2b32b8,28da2862-f00a-44dd-8ab5-a48849d53245,6e5a68ef-c26c-4776-8f8c-7f3c22bc3f06,1,8,2025-11-04 02:39:26.20676+00
f5705560-a048-4e0d-9869-e5c0884187be,d77ab4fc-0b5e-46dc-8403-2c02eb802dd6,857f0ddb-bbf7-490f-89e7-c393913d1937,0,4,2025-10-05 23:57:44.019951+00
f5ac3d9a-fc83-47c3-b109-fe2e8bcaa167,12df5536-e3fd-44e8-a289-169153a0f1df,f9410110-ec63-4a83-ad54-2b5df48b9140,0,4,2026-02-23 22:30:35.650949+00
f5e237af-dbe7-4abc-a3ac-8bc77cf17bbd,284571ab-f355-476f-841c-8d84cf3fc188,6e5a68ef-c26c-4776-8f8c-7f3c22bc3f06,1,9,2025-09-15 00:20:33.877931+00
f6626f83-62d1-4bad-966e-1ba0298b62f0,7d6130ac-980a-4352-8ec0-29a06643525e,298651b6-b5d4-4875-a636-799edae79a84,0,3,2026-01-12 01:11:49.843879+00
f6ca8881-d8bc-403a-9e45-a4b89c91d757,13b78ddf-4433-4e30-b3b2-d3295f7086df,f9410110-ec63-4a83-ad54-2b5df48b9140,1,7,2026-04-28 00:32:56.868999+00
f70731d3-cd15-4e53-8f18-e488f122dae0,b0768a69-dec7-4af7-b170-19230fdc82ab,6e5a68ef-c26c-4776-8f8c-7f3c22bc3f06,1,6,2026-01-27 00:50:39.268387+00
f7329fc7-7570-4dcf-94e3-227aebde9acf,284571ab-f355-476f-841c-8d84cf3fc188,298651b6-b5d4-4875-a636-799edae79a84,1,7,2025-09-15 00:20:33.877931+00
f7ad962e-7014-4ef8-8c89-061abfab0a25,00c76044-16a0-4acf-a0a5-8de00e9cbc06,f9aa08c8-da66-4064-a39a-3225dadaa1d0,0,5,2025-12-16 01:50:33.561015+00
f7b56550-773a-4396-98f1-703fc580be28,d6d48c4a-c6a6-4149-a03a-6a45d592346a,c2011527-da58-4568-97f9-ec5c223ead8e,1,8,2026-04-06 02:24:09.814086+00
f7de50ef-46a2-4002-afdd-51d4794bff89,d77ab4fc-0b5e-46dc-8403-2c02eb802dd6,66022633-1ced-4920-a431-b74b54e98345,1,7,2025-10-05 23:57:44.019951+00
f7eca02d-8e32-42e6-a814-977d03b8134d,28da2862-f00a-44dd-8ab5-a48849d53245,49f48e02-6af0-4107-8f27-29f67efc4c3a,0,2,2025-11-04 02:39:26.20676+00
f7f6727e-cf24-4c78-9c5f-9569172fe2bc,dbca26f6-24f8-4b2b-ae21-363e5a3a3801,e28417e9-f154-4f39-bf0d-86cb6a1abc32,0,2,2026-04-14 00:51:56.113606+00
f819c5a2-c5d0-4ee6-b25f-1d2f655e6854,28c25bca-56fb-487b-b335-f02e00863c6b,71913bf1-3c89-4850-a771-b807bac56136,0,3,2025-08-26 00:30:53.12888+00
f8506f96-c35f-44ed-a842-3308878ae244,d8d2e264-f062-4c84-bc77-cf67da4c3bf5,6bf245f8-9743-4b7b-ab78-dc0cdd591c6c,1,6,2025-09-01 12:27:12.189666+00
f88941f7-39a1-40ef-a5ca-7d7b8e6f2869,12df5536-e3fd-44e8-a289-169153a0f1df,6e5a68ef-c26c-4776-8f8c-7f3c22bc3f06,1,7,2026-02-23 22:30:35.650949+00
f8f1497e-a5e6-4625-95fb-6fe62b1ef6f5,435af285-efb9-47f0-a3b5-aa47b7b78b56,6a57188f-50ad-4d66-88e5-64236a293c32,1,6,2025-11-25 02:24:54.186745+00
f9ce8cca-40bc-4f96-8b96-dfbbf0003834,d77ab4fc-0b5e-46dc-8403-2c02eb802dd6,ceb258ce-454a-4b5f-9321-73fd28390495,2,10,2025-10-05 23:57:44.019951+00
f9d1f05f-a9e2-47ab-ac7b-c03c83b5637e,d77ab4fc-0b5e-46dc-8403-2c02eb802dd6,3d18f1c8-de23-4c6d-b843-8241da5d994e,5,19,2025-10-05 23:57:44.019951+00
fa204f50-c12d-4e30-9128-28e0a6d1ae0a,00c76044-16a0-4acf-a0a5-8de00e9cbc06,e04c559e-ca37-400e-b70d-64cc03eb3361,0,4,2025-12-16 01:50:33.561015+00
fa676e26-1f96-471c-870d-5d8f87c8e916,d7a991ce-94f4-44a6-9e3a-bda9babd7e11,a98cac4a-9401-4a97-b8e6-93a7caee47e9,1,8,2025-12-09 02:15:48.500643+00
fab0bb77-1781-40e7-8ca4-1919286f66cc,5e429b8e-0feb-41e8-a512-cd6ae112b657,584d969b-f2c5-4e89-a226-9d5d47bebe23,1,7,2026-03-23 01:11:21.652233+00
fab9bc49-700c-40b2-9e79-828034af7a7d,3ea490f3-3471-4c91-b539-2dde6cbff1da,eb3628cb-9a74-4281-bc9f-ebff66ae268e,0,1,2026-03-02 04:46:03.347595+00
fac09d0d-480c-4ac8-9ae1-8335ed905dda,7f04d06c-ca42-403e-8bc7-194f0a0c631a,e2ffaf02-f17f-4be3-b3ee-651d39315af1,1,7,2025-12-01 00:26:08.076072+00
fae56b5b-1b3f-42b0-b6f0-af3a97916433,83060e08-aa40-4cdb-b07e-9690e6ec77c9,c8b7ea0d-f644-44ff-b89b-a0e352ff3cec,0,3,2026-04-20 23:41:11.10958+00
faf581d5-a366-478a-9d10-ced3d951a6b3,e4227354-b5dd-4f39-8e72-213393a8c485,f3b179ce-265d-4bf0-8c6c-a641504ea802,1,8,2026-03-10 03:14:51.526527+00
fb654ab3-5dff-424e-9dec-be8ee577cc70,b8e9c830-4504-4e15-9aba-2cf1e3b2de9d,857f0ddb-bbf7-490f-89e7-c393913d1937,1,7,2026-01-05 01:20:32.782065+00
fb75bcad-a411-471c-985a-9df626a55131,dbca26f6-24f8-4b2b-ae21-363e5a3a3801,c8b7ea0d-f644-44ff-b89b-a0e352ff3cec,1,6,2026-04-14 00:51:56.113606+00
fbc4dda3-6996-4682-9f5f-43c73756a17c,f71b04ba-1da6-4037-bec6-7cdcab0fa7f3,95f43b8d-de0d-4dd2-a9bb-0cdfe02e247a,1,8,2026-05-05 01:29:16.763626+00
fbcf9d47-dd1f-4ed8-bac5-c1aad9a83a0c,5e429b8e-0feb-41e8-a512-cd6ae112b657,3d18f1c8-de23-4c6d-b843-8241da5d994e,0,1,2026-03-23 01:11:21.652233+00
fc30b8a5-9c09-481c-90b1-5df79abc12bb,f71b04ba-1da6-4037-bec6-7cdcab0fa7f3,6e5a68ef-c26c-4776-8f8c-7f3c22bc3f06,0,6,2026-05-05 01:29:16.763626+00
fc3e2efa-014a-4173-9501-2bc45abdc669,634bef0a-8a4f-4bb4-a7cc-79a5ec61e5cb,584d969b-f2c5-4e89-a226-9d5d47bebe23,0,5,2025-12-23 02:13:34.5906+00
fc9ab231-e041-4aab-ae30-37e96aa9fbc9,12df5536-e3fd-44e8-a289-169153a0f1df,abe5e91c-2516-47f8-98a7-2b1e70ab13b1,1,6,2026-02-23 22:30:35.650949+00
fce2f27e-16aa-4823-bf20-113edfdebb05,3715512f-bc25-48aa-a319-f9b2ffc2fb15,b782ca87-97a5-4e94-96b3-fda9d7a93d5d,1,7,2025-10-27 01:59:34.334362+00
fcf1d7cb-7696-4709-9133-a99fd5b98cd7,d6d48c4a-c6a6-4149-a03a-6a45d592346a,3d18f1c8-de23-4c6d-b843-8241da5d994e,2,10,2026-04-06 02:24:09.814086+00
fd76e88e-2f32-4a5b-8940-be3c16094dd4,39344544-7804-4c1d-a17b-a1aff7a7f869,c2011527-da58-4568-97f9-ec5c223ead8e,1,8,2025-11-10 03:54:43.745207+00
fd9e2265-3af6-41c6-af89-06bfb5eb43a5,b8e9c830-4504-4e15-9aba-2cf1e3b2de9d,b782ca87-97a5-4e94-96b3-fda9d7a93d5d,0,6,2026-01-05 01:20:32.782065+00
fdf7a493-6166-4359-b51c-f9ddc0313433,d77ab4fc-0b5e-46dc-8403-2c02eb802dd6,eff7bddc-a865-47c4-95fb-fe4116d8c288,0,5,2025-10-05 23:57:44.019951+00
fe110095-e100-4b3f-80ee-9c360e769b82,3715512f-bc25-48aa-a319-f9b2ffc2fb15,e2ffaf02-f17f-4be3-b3ee-651d39315af1,2,9,2025-10-27 01:59:34.334362+00
fe13c87b-b577-4c9f-8eba-4a5b369d863a,3fbb2bf0-cef3-48b2-9d04-ecba8bd4165b,3d18f1c8-de23-4c6d-b843-8241da5d994e,1,7,2025-09-30 00:21:43.959007+00
fe18884d-8569-470a-a9d5-fec18b5e264d,3715512f-bc25-48aa-a319-f9b2ffc2fb15,25472e3e-4928-440c-84a8-ed85a6e4cf34,1,8,2025-10-27 01:59:34.334362+00
fe26b558-b4c9-4c0a-b2bb-8c3cae336249,3ea490f3-3471-4c91-b539-2dde6cbff1da,584d969b-f2c5-4e89-a226-9d5d47bebe23,2,10,2026-03-02 04:46:03.347595+00
fef29085-a6c9-418f-a16c-1eb492927789,b8e9c830-4504-4e15-9aba-2cf1e3b2de9d,a98cac4a-9401-4a97-b8e6-93a7caee47e9,3,13,2026-01-05 01:20:32.782065+00
ffacc4fa-7f3f-4e6c-a274-cd4bee3193d9,e4227354-b5dd-4f39-8e72-213393a8c485,e28417e9-f154-4f39-bf0d-86cb6a1abc32,1,8,2026-03-10 03:14:51.526527+00
fffef50c-0d67-4470-87ad-8b6fde5955e8,d7a991ce-94f4-44a6-9e3a-bda9babd7e11,c4d0c372-0a8c-445d-9994-fe871e8eb544,0,5,2025-12-09 02:15:48.500643+00